Date,Month,state,median_listing_price,active_listing_count,new_listing_count,price_increased_count,average_listing_price,total_listing_count
12/20/2020,Dec,illinois,235400,34477,9764,396,366882.55,57366
12/20/2020,Dec,montana,396500,2706,664,40,851910.3839,5373
12/20/2020,Dec,nebraska,245950,3379,1176,108,312724.2204,7093
12/20/2020,Dec,florida,344950,92648,30700,4840,745776.7223,159062
12/20/2020,Dec,hawaii,642500,7267,1480,52,1205207.944,8466
12/20/2020,Dec,utah,549950,3973,2300,292,1108825.63,12275
12/20/2020,Dec,alaska,299900,1576,340,16,383036.6149,1690
12/20/2020,Dec,indiana,200500,9155,3928,152,276352.1573,15345
12/20/2020,Dec,arkansas,199900,6830,2084,92,290967.7413,10453
12/20/2020,Dec,south carolina,279950,15307,5332,1132,447643.0341,28219
12/20/2020,Dec,district of columbia,606999.5,1708,620,12,948225.9409,2760
12/20/2020,Dec,wisconsin,249950,9374,2904,80,351324.0845,15667
12/20/2020,Dec,connecticut,385000,11930,2860,136,847461.2371,12088
12/20/2020,Dec,georgia,320227.5,32606,13996,2236,459858.009,66473
12/20/2020,Dec,mississippi,222050,5752,1516,112,297020.014,9105
12/20/2020,Dec,maryland,342000,8011,4268,468,500562.9753,19991
12/20/2020,Dec,rhode island,387000,1460,784,16,739059.713,3803
12/20/2020,Dec,north dakota,236250,2341,460,20,279510.8646,3148
12/20/2020,Dec,vermont,325000,1941,412,16,514631.6748,2986
12/20/2020,Dec,new hampshire,379000,1872,916,60,522433.7284,3582
12/20/2020,Dec,massachusetts,609450,8999,3592,180,1091332.52,14873
12/20/2020,Dec,missouri,215000,11856,4384,324,314462.6643,23554
12/20/2020,Dec,texas,299896,57396,23228,4136,454427.2132,106350
12/20/2020,Dec,iowa,214900,8704,2016,440,254321.5397,14843
12/20/2020,Dec,california,727000,43302,22380,1436,1596134.449,93996
12/20/2020,Dec,new mexico,279900,4547,1400,116,443365.3891,7740
12/20/2020,Dec,minnesota,294950,10349,3692,232,394001.0162,18678
12/20/2020,Dec,arizona,389000,9647,6256,688,664991.671,25382
12/20/2020,Dec,ohio,189000,15057,6740,440,283073.1587,32733
12/20/2020,Dec,oregon,473996.5,5630,2992,1980,643307.2122,14572
12/20/2020,Dec,new york,570196,61781,9772,592,1222454.865,102597
12/20/2020,Dec,kansas,189975,4739,1728,140,293881.2406,9526
12/20/2020,Dec,tennessee,315000,12055,5328,772,469653.8508,24463
12/20/2020,Dec,new jersey,437100,23788,8024,496,655853.6798,35860
12/20/2020,Dec,south dakota,240400,1896,488,24,325533.705,2585
12/20/2020,Dec,pennsylvania,259450,20591,6628,592,387373.3816,39363
12/20/2020,Dec,kentucky,222000,7115,2720,116,311542.7836,14515
12/20/2020,Dec,wyoming,265000,1906,472,16,622600.9844,2658
12/20/2020,Dec,alabama,249950,12007,3872,712,340621.8252,17618
12/20/2020,Dec,michigan,233950,17214,6860,408,353491.3039,27809
12/20/2020,Dec,virginia,346465,15766,6832,944,537129.6253,30538
12/20/2020,Dec,colorado,513595.5,11099,4640,648,1156263.16,22570
12/20/2020,Dec,washington,499950,7063,4388,812,742687.6354,20636
12/20/2020,Dec,north carolina,339700,19505,8088,1236,479349.0192,40379
12/20/2020,Dec,idaho,429900,2246,1316,160,839598.2854,6288
12/20/2020,Dec,nevada,349999,8290,3280,332,619838.2045,9915
12/20/2020,Dec,oklahoma,219949.5,7642,2720,204,314251.5774,14410
12/20/2020,Dec,west virginia,165000,3976,872,80,246569.6194,6311
12/20/2020,Dec,delaware,349000,1874,664,200,469107.3074,4702
12/20/2020,Dec,maine,295000,3650,876,44,446567.1565,4777
12/20/2020,Dec,louisiana,249999.5,10239,2940,180,355124.9605,16909
11/20/2020,Nov,new hampshire,375400,2251,1384,76,518919.8756,4549
11/20/2020,Nov,florida,345000,97409,33904,4768,735922.3933,167743
11/20/2020,Nov,michigan,239900,19552,8964,396,356782.2038,32533
11/20/2020,Nov,new york,570000,67496,14612,720,1210139.603,112157
11/20/2020,Nov,minnesota,295450,12539,4844,312,393978.375,23117
11/20/2020,Nov,arkansas,200000,7212,2444,128,293102.8139,11399
11/20/2020,Nov,maryland,349450,9229,5760,504,503028.0039,23356
11/20/2020,Nov,new jersey,442450,27549,11656,472,653812.5764,41418
11/20/2020,Nov,wisconsin,253450,11033,4076,136,349566.3058,19053
11/20/2020,Nov,north dakota,239950,2520,584,24,278820.3852,3545
11/20/2020,Nov,vermont,325000,2164,556,24,509494.1532,3520
11/20/2020,Nov,mississippi,225500,6044,1716,160,298645.6444,9808
11/20/2020,Nov,indiana,209950,10212,5264,180,285124.9034,17702
11/20/2020,Nov,new mexico,280000,4897,1584,80,446693.0364,8475
11/20/2020,Nov,california,727044,51254,29708,1532,1536489.149,107966
11/20/2020,Nov,maine,295000,4157,1364,48,449086.3315,5527
11/20/2020,Nov,delaware,349900,2044,912,236,473880.9834,5275
11/20/2020,Nov,south dakota,240400,2191,584,4,317943.1383,2984
11/20/2020,Nov,wyoming,267250,2113,548,8,602899.1141,3060
11/20/2020,Nov,iowa,214900,9663,2984,416,253968.3475,16660
11/20/2020,Nov,nebraska,241950,3635,1472,96,305517.9201,7818
11/20/2020,Nov,kentucky,225000,7447,3244,164,319632.2962,15947
11/20/2020,Nov,arizona,389750,11207,7988,840,655575.9867,29049
11/20/2020,Nov,hawaii,641000,6540,1572,52,1228379.776,7755
11/20/2020,Nov,illinois,249450,38882,13520,392,378274.5403,65518
11/20/2020,Nov,texas,304308,62778,28208,3644,459670.2636,116256
11/20/2020,Nov,louisiana,250450,10718,3272,172,348584.7837,18031
11/20/2020,Nov,washington,509500,8885,5688,764,743700.0736,24943
11/20/2020,Nov,south carolina,284945,16364,6040,1224,450918.2458,30532
11/20/2020,Nov,north carolina,341484,21495,9892,1308,478441.8435,44925
11/20/2020,Nov,georgia,325000,36012,17208,2284,464281.2266,73320
11/20/2020,Nov,oregon,475000,6809,3852,1856,642530.375,17490
11/20/2020,Nov,oklahoma,224574,8315,3632,164,316273.752,15608
11/20/2020,Nov,pennsylvania,263522,22852,9520,496,390710.3473,45253
11/20/2020,Nov,utah,533400,4622,2628,272,1059093.876,13999
11/20/2020,Nov,ohio,191900,16890,8836,492,286273.8341,38027
11/20/2020,Nov,alaska,299250,1804,460,20,378473.8108,1929
11/20/2020,Nov,colorado,512786,13175,6124,624,1086641.826,27121
11/20/2020,Nov,kansas,199500,5157,2216,116,301271.3725,10634
11/20/2020,Nov,connecticut,379950,14184,4096,144,816287.7116,14387
11/20/2020,Nov,virginia,352128,17864,9028,1004,539378.9574,34839
11/20/2020,Nov,massachusetts,624950,11437,5880,220,1097814.812,20316
11/20/2020,Nov,alabama,249950,12660,4768,644,341737.7212,19001
11/20/2020,Nov,nevada,350000,9290,3688,368,616186.3203,11254
11/20/2020,Nov,idaho,433969.5,2610,1496,288,825094.247,7378
11/20/2020,Nov,tennessee,318450,13145,6728,584,469559.4708,26709
11/20/2020,Nov,district of columbia,599900,1927,912,16,924018.1833,3093
11/20/2020,Nov,missouri,219950,13037,5660,316,317682.9703,26571
11/20/2020,Nov,west virginia,169000,4273,1200,40,247594.3642,6987
11/20/2020,Nov,montana,397500,3014,740,44,816813.3943,6116
11/20/2020,Nov,rhode island,387000,1695,1144,12,723393.7956,4495
10/20/2020,Oct,new mexico,284800,4998,1988,84,451644.7806,8949
10/20/2020,Oct,texas,309248,66220,30076,4996,460389.6424,122265
10/20/2020,Oct,north dakota,244300,2678,756,28,282950.3316,3855
10/20/2020,Oct,west virginia,169999,4629,1484,100,249794.6993,7554
10/20/2020,Oct,idaho,419000,3278,2252,336,774045.6439,8541
10/20/2020,Oct,montana,399000,3441,1112,56,779951.7163,7142
10/20/2020,Oct,alaska,299900,2040,564,48,373785.6252,2164
10/20/2020,Oct,south dakota,245000,2600,788,24,320634.7652,3496
10/20/2020,Oct,missouri,225000,13590,6948,508,320200.6049,28203
10/20/2020,Oct,new jersey,449000,29858,15556,608,651471.9132,44955
10/20/2020,Oct,ohio,200000,17442,11504,564,292937.7076,40673
10/20/2020,Oct,delaware,349900,2186,1192,376,476975.8339,5548
10/20/2020,Oct,wisconsin,259900,12388,5736,128,350307.8055,21981
10/20/2020,Oct,colorado,510000,15689,8832,1036,1062143.297,32276
10/20/2020,Oct,maryland,359000,9861,7216,644,509475.4394,24740
10/20/2020,Oct,iowa,215000,10228,3504,500,256347.4761,17898
10/20/2020,Oct,alabama,251875,13101,5088,864,342838.5931,19989
10/20/2020,Oct,louisiana,250900,11176,3312,292,349125.1633,18804
10/20/2020,Oct,hawaii,639000,6564,1564,84,1210825.365,7752
10/20/2020,Oct,kansas,210000,5385,2716,156,304746.1045,11257
10/20/2020,Oct,massachusetts,639000,12823,8444,244,1106466.901,17439
10/20/2020,Oct,maine,295000,4614,2036,56,448043.9151,6179
10/20/2020,Oct,south carolina,285000,17165,6744,1520,448596.6272,31931
10/20/2020,Oct,new york,589000,70659,21284,800,1226842.483,117312
10/20/2020,Oct,georgia,327680,38662,19924,3232,462261.6129,77083
10/20/2020,Oct,minnesota,299900,14669,7996,368,396217.3542,27035
10/20/2020,Oct,washington,499922,12283,8444,1120,721853.4036,28576
10/20/2020,Oct,california,730000,54623,38704,1836,1526038.793,114415
10/20/2020,Oct,mississippi,229000,6296,2072,184,299064.7087,10360
10/20/2020,Oct,illinois,259900,41561,17304,564,387739.1792,71570
10/20/2020,Oct,florida,346112,99670,37308,5544,732111.9152,171798
10/20/2020,Oct,vermont,325000,2518,800,20,497306.393,4163
10/20/2020,Oct,indiana,219900,10490,6264,256,295548.6118,18901
10/20/2020,Oct,new hampshire,374900,2690,2024,80,502805.5741,5288
10/20/2020,Oct,utah,515000,5458,3820,472,996332.6216,15613
10/20/2020,Oct,connecticut,385000,15921,5684,256,815335.1983,16105
10/20/2020,Oct,rhode island,389900,1784,1332,24,726787.0645,4752
10/20/2020,Oct,virginia,359900,18720,11120,1400,533171.4359,36976
10/20/2020,Oct,arizona,390000,11708,9220,980,651580.7566,30090
10/20/2020,Oct,pennsylvania,265000,24258,12304,776,391793.3926,48861
10/20/2020,Oct,kentucky,229900,7641,3916,180,326025.863,16734
10/20/2020,Oct,arkansas,207400,7695,2872,140,292919.1043,12108
10/20/2020,Oct,tennessee,322900,13761,7740,860,473128.4246,28256
10/20/2020,Oct,nebraska,245000,3777,1812,164,306392.1968,8400
10/20/2020,Oct,michigan,249000,21463,11400,636,358894.4756,36810
10/20/2020,Oct,oklahoma,227500,8602,3796,296,317402.4933,16379
10/20/2020,Oct,oregon,469900,7903,4880,2228,633897.4355,19175
10/20/2020,Oct,wyoming,279000,2335,700,44,611867.5394,3412
10/20/2020,Oct,nevada,355000,9927,4672,412,610128.5529,12059
10/20/2020,Oct,district of columbia,629000,1954,1240,24,932915.012,3129
10/20/2020,Oct,north carolina,345000,22835,11840,1844,481666.6947,45558
9/20/2020,Sep,alabama,259700,13451,5144,1072,344229.117,20726
9/20/2020,Sep,montana,399949.5,3840,1304,96,776048,7918
9/20/2020,Sep,alaska,310000,2237,724,48,371605.4919,2368
9/20/2020,Sep,maryland,359450,9990,7508,844,508179.416,13958
9/20/2020,Sep,minnesota,300000,15030,8820,464,403062.6709,28325
9/20/2020,Sep,colorado,510000,17550,9820,864,1052174.638,35244
9/20/2020,Sep,pennsylvania,264888.5,24460,12864,1072,387220.3003,38743
9/20/2020,Sep,georgia,329900,39797,20288,3620,458987.428,80026
9/20/2020,Sep,maine,298250,4770,2208,80,453300.2725,6367
9/20/2020,Sep,wyoming,282500,2507,824,48,640335.3734,3667
9/20/2020,Sep,idaho,414995,3749,2240,500,749755.9801,9395
9/20/2020,Sep,new hampshire,372900,2803,2116,88,498584.5189,5486
9/20/2020,Sep,district of columbia,649450,1736,1276,24,969743.4775,2124
9/20/2020,Sep,north dakota,243400,2760,920,32,283854.6264,4047
9/20/2020,Sep,new york,566500,69064,22152,892,1174647.296,113546
9/20/2020,Sep,oregon,474950,8368,4956,2120,636133.3751,20621
9/20/2020,Sep,wisconsin,264700,12972,6548,192,353580.5862,23300
9/20/2020,Sep,illinois,262450,41878,19064,552,390585.4375,74353
9/20/2020,Sep,north carolina,345300,23741,12064,2136,479687.0188,47130
9/20/2020,Sep,washington,499950,13005,10388,1096,712092.1901,29844
9/20/2020,Sep,tennessee,324975,14291,7796,1136,467371.5867,29388
9/20/2020,Sep,south dakota,249950,2832,1040,52,323586.7041,3788
9/20/2020,Sep,iowa,217400,10477,3668,564,256798.7663,18565
9/20/2020,Sep,rhode island,399450,1791,1432,20,733871.7284,4729
9/20/2020,Sep,texas,310776,69199,31064,5532,460173.7024,126195
9/20/2020,Sep,virginia,361728,19025,11684,1364,530978.555,32945
9/20/2020,Sep,kentucky,239900,7680,3864,232,328287.0173,16984
9/20/2020,Sep,vermont,324950,2630,964,60,494224.6801,4364
9/20/2020,Sep,oklahoma,229947.5,8763,3920,388,316871.0005,17031
9/20/2020,Sep,south carolina,289000,17946,7076,1904,448768.1716,33120
9/20/2020,Sep,hawaii,632500,6676,1596,68,1160938.891,7845
9/20/2020,Sep,ohio,212400,16930,11532,736,296748.953,41217
9/20/2020,Sep,new mexico,285450,5098,2060,156,448548.9354,9224
9/20/2020,Sep,louisiana,253545,11956,3504,568,343346.5367,19804
9/20/2020,Sep,florida,349000,101800,35428,6268,728182.2693,174932
9/20/2020,Sep,massachusetts,642500,12478,9360,260,1116331.445,17196
9/20/2020,Sep,nevada,355000,10177,5056,412,597034.6618,12592
9/20/2020,Sep,arkansas,210000,8010,2948,188,294572.5471,12605
9/20/2020,Sep,new jersey,449462,29710,16316,816,650429.4649,39653
9/20/2020,Sep,indiana,227450,10244,6704,304,300234.4883,18747
9/20/2020,Sep,west virginia,169900,4654,1492,76,253196.9625,7327
9/20/2020,Sep,mississippi,228750,6538,2000,216,295105.2012,10663
9/20/2020,Sep,utah,510950,6141,4020,640,974254.1124,16501
9/20/2020,Sep,connecticut,385900,16110,5980,380,811745.4441,16274
9/20/2020,Sep,delaware,349950,2320,1216,492,470137.5299,3098
9/20/2020,Sep,california,724500,52810,39720,1936,1497087.587,112371
9/20/2020,Sep,arizona,391700,11558,8928,1224,647470.0407,30624
9/20/2020,Sep,kansas,215000,5402,2720,176,307445.655,11565
9/20/2020,Sep,nebraska,249250,3847,1928,148,304459.1791,8601
9/20/2020,Sep,michigan,249900,22908,12540,700,360701.5432,39700
9/20/2020,Sep,missouri,229900,13560,7232,864,322756.8315,28717
8/20/2020,Aug,maine,299000,5009,2092,104,452203.0664,6478
8/20/2020,Aug,virginia,364900,19762,11336,1448,523256.4976,33788
8/20/2020,Aug,tennessee,329000,15726,8620,1252,469394.3901,30859
8/20/2020,Aug,georgia,329900,42785,22112,3532,453851.0754,83612
8/20/2020,Aug,rhode island,419900,1818,1324,24,743231.6697,4713
8/20/2020,Aug,oklahoma,232500,9365,4008,412,315451.4633,17888
8/20/2020,Aug,south dakota,253900,3073,1004,56,327890.4215,4039
8/20/2020,Aug,texas,310784,74173,33920,5984,455778.1085,130670
8/20/2020,Aug,missouri,230000,13837,6796,612,322296.2792,29296
8/20/2020,Aug,north dakota,241900,2824,976,92,285542.6226,4175
8/20/2020,Aug,ohio,219900,16898,11312,704,302181.9281,41813
8/20/2020,Aug,arkansas,210000,8530,3140,124,290430.7351,13232
8/20/2020,Aug,connecticut,389900,16531,5868,300,807623.227,16702
8/20/2020,Aug,louisiana,249900,12804,3752,520,337554.6568,20908
8/20/2020,Aug,colorado,524900,19044,10552,1008,1021461.757,37056
8/20/2020,Aug,florida,345000,107391,35808,6000,711004.2315,179672
8/20/2020,Aug,nevada,355000,10108,4824,416,602141.7292,12587
8/20/2020,Aug,new jersey,449000,29992,16104,752,646686.8844,39714
8/20/2020,Aug,nebraska,250000,3943,1932,260,305720.7725,8706
8/20/2020,Aug,arizona,392685,11764,8732,1120,638158.6791,30198
8/20/2020,Aug,delaware,345990,2546,1192,416,471559.8176,3279
8/20/2020,Aug,maryland,360000,10221,7068,676,512203.3634,14226
8/20/2020,Aug,kansas,215000,5635,2732,164,310709.9362,11798
8/20/2020,Aug,washington,499950,13326,9448,1036,703869.7136,29711
8/20/2020,Aug,kentucky,240000,7855,3804,180,326383.8152,17475
8/20/2020,Aug,utah,499000,6906,4484,760,933760.1882,17371
8/20/2020,Aug,alaska,315000,2398,964,52,366232.7346,2542
8/20/2020,Aug,wyoming,290000,2690,972,52,643587.9743,3863
8/20/2020,Aug,alabama,258944,14261,5744,864,341407.4198,21458
8/20/2020,Aug,new hampshire,384900,2960,2144,152,510792.8765,5523
8/20/2020,Aug,illinois,260000,42174,19712,616,386884.581,76054
8/20/2020,Aug,iowa,222000,10988,3828,584,257886.7683,19379
8/20/2020,Aug,montana,399500,4232,1724,76,747630.8009,8334
8/20/2020,Aug,minnesota,309000,15692,9372,392,404030.5834,28867
8/20/2020,Aug,michigan,254900,24402,13396,688,363256.4558,41442
8/20/2020,Aug,wisconsin,270000,13261,6816,188,358778.9848,23914
8/20/2020,Aug,hawaii,635000,6804,1760,64,1159552.119,7836
8/20/2020,Aug,indiana,234900,10203,6208,324,305966.9769,19270
8/20/2020,Aug,south carolina,289999,19320,7244,2064,448451.0957,34290
8/20/2020,Aug,vermont,325000,2865,1064,52,484852.1796,4526
8/20/2020,Aug,idaho,409900,4367,2844,388,712919.6077,10152
8/20/2020,Aug,california,720000,52788,36700,2116,1480451.275,112520
8/20/2020,Aug,mississippi,227500,6836,2068,252,287023.9394,11193
8/20/2020,Aug,new mexico,285000,5291,2132,156,436716.4803,9364
8/20/2020,Aug,pennsylvania,259999,25344,12804,1012,382785.2967,39790
8/20/2020,Aug,north carolina,344064,25366,12256,2644,475462.4785,48554
8/20/2020,Aug,massachusetts,645000,12071,8028,232,1127347.633,16767
8/20/2020,Aug,district of columbia,679900,1477,1008,28,1027176.532,1867
8/20/2020,Aug,west virginia,174900,4800,1568,104,252178.1419,7519
8/20/2020,Aug,oregon,465000,9233,5876,2428,628416.352,21710
8/20/2020,Aug,new york,550000,68474,21620,1000,1158912.833,110422
7/20/2020,Jul,hawaii,632500,6836,1636,48,1147468.725,7775
7/20/2020,Jul,georgia,326725,46320,21796,2764,448549.5174,87214
7/20/2020,Jul,michigan,255000,25881,13544,452,358861.5009,42434
7/20/2020,Jul,wyoming,290000,2850,976,28,682180.2214,3931
7/20/2020,Jul,pennsylvania,259450,26803,13172,768,375614.3247,41679
7/20/2020,Jul,nebraska,258950,4142,2036,144,308114.9867,9049
7/20/2020,Jul,alabama,258000,15101,5840,596,339818.2407,22267
7/20/2020,Jul,indiana,237763,10753,6252,292,306326.4666,19939
7/20/2020,Jul,connecticut,398450,17214,6176,232,807416.5213,17384
7/20/2020,Jul,tennessee,325145,17567,9012,856,464830.2892,33271
7/20/2020,Jul,virginia,359925,21444,11336,1112,513182.1059,35096
7/20/2020,Jul,new jersey,443995,31222,16476,652,642746.9868,40047
7/20/2020,Jul,new mexico,282000,5517,2092,100,421944.7473,9553
7/20/2020,Jul,new hampshire,392450,3164,1904,96,519021.2486,5664
7/20/2020,Jul,delaware,342900,2787,1192,300,458972.0512,3454
7/20/2020,Jul,minnesota,309900,16173,9156,300,404195.592,29097
7/20/2020,Jul,mississippi,220000,7285,2328,156,282571.6189,11709
7/20/2020,Jul,texas,310904,78743,35868,3892,453109.1095,136802
7/20/2020,Jul,florida,344532,113761,35836,5256,701341.5262,185625
7/20/2020,Jul,louisiana,249700,13558,4236,344,331677.2691,21592
7/20/2020,Jul,oklahoma,239245,10082,4172,360,319148.031,14364
7/20/2020,Jul,new york,527000,66158,22888,920,1088928.751,101880
7/20/2020,Jul,washington,499973,13367,10116,980,700460.258,28587
7/20/2020,Jul,arizona,389500,12691,7708,936,629397.259,31221
7/20/2020,Jul,iowa,223700,11460,4088,488,260162.099,20107
7/20/2020,Jul,rhode island,424450,1971,1328,20,741839.4041,4794
7/20/2020,Jul,wisconsin,275000,13741,6424,172,359596.4492,24300
7/20/2020,Jul,illinois,259700,43016,20620,484,381068.2595,77038
7/20/2020,Jul,massachusetts,619900,12470,8356,240,993461.5315,17100
7/20/2020,Jul,north dakota,239900,2899,940,40,280780.4042,4256
7/20/2020,Jul,north carolina,340000,27877,12240,1680,470067.4412,50888
7/20/2020,Jul,ohio,222450,17433,10856,524,306125.6859,42019
7/20/2020,Jul,missouri,229900,14862,6796,468,315212.9468,29556
7/20/2020,Jul,district of columbia,697162.5,1426,1016,28,1036663.592,1825
7/20/2020,Jul,kentucky,239450,8323,3692,184,320294.526,18041
7/20/2020,Jul,south dakota,258900,3301,1112,36,331976.3145,4237
7/20/2020,Jul,oregon,454000,10216,6016,2040,607390.6484,22164
7/20/2020,Jul,maine,299000,5500,2196,72,447263.9155,6796
7/20/2020,Jul,maryland,367000,11185,6824,668,509738.8729,15178
7/20/2020,Jul,alaska,312450,2473,924,32,360992.1063,2604
7/20/2020,Jul,nevada,354999,10253,4652,400,604211.6933,12724
7/20/2020,Jul,idaho,409000,5302,2904,348,673332.6614,10691
7/20/2020,Jul,west virginia,174495,5091,1540,76,247457.5962,7785
7/20/2020,Jul,vermont,321450,3099,1032,44,466690.3298,4551
7/20/2020,Jul,colorado,524950,20458,10976,784,939973.4434,38242
7/20/2020,Jul,south carolina,289900,20539,7484,1576,445536.5542,35495
7/20/2020,Jul,utah,481338.5,8027,4216,656,876831.5435,18132
7/20/2020,Jul,arkansas,209450,9310,3164,172,287157.7642,13974
7/20/2020,Jul,california,698500,56351,35484,1868,1419971.191,113412
7/20/2020,Jul,montana,399000,4530,1536,60,737816.1196,8218
7/20/2020,Jul,kansas,219950,6005,2716,148,325095.1148,12347
6/20/2020,Jun,louisiana,245565,14303,4192,220,325771.9645,22113
6/20/2020,Jun,delaware,339950,3144,1192,184,452646.1441,3815
6/20/2020,Jun,pennsylvania,249950,28921,14744,632,362188.8499,42342
6/20/2020,Jun,utah,466450,9012,4604,692,812043.2358,18907
6/20/2020,Jun,north dakota,238990,2962,1032,12,279865.7478,4249
6/20/2020,Jun,new mexico,279900,5728,1992,100,410537.6072,9600
6/20/2020,Jun,oklahoma,238920,10683,4468,256,315025.6929,14748
6/20/2020,Jun,michigan,249950,27196,14184,456,351859.3834,42383
6/20/2020,Jun,tennessee,324114,18234,8836,852,452812.1612,32979
6/20/2020,Jun,georgia,321792,51261,22804,2624,438061.8188,90662
6/20/2020,Jun,kansas,219900,6358,2976,128,314015.7872,12770
6/20/2020,Jun,hawaii,631500,6851,1576,64,1142557.594,7687
6/20/2020,Jun,texas,309950,83575,37324,4404,446253.6764,141537
6/20/2020,Jun,wyoming,289900,2863,1084,28,674433.0006,3785
6/20/2020,Jun,florida,339900,122610,37016,4720,686601.361,189415
6/20/2020,Jun,minnesota,309900,17219,9404,224,401603.0021,29694
6/20/2020,Jun,kentucky,239000,8942,3680,160,316892.167,18532
6/20/2020,Jun,new jersey,429500,32860,16604,564,631927.8167,40405
6/20/2020,Jun,montana,395000,4943,1736,60,709809.7972,8307
6/20/2020,Jun,district of columbia,699900,1379,944,20,1043298.63,1746
6/20/2020,Jun,north carolina,338379,30338,12484,1676,461818.653,52953
6/20/2020,Jun,connecticut,397950,17162,6480,248,805627.0515,17303
6/20/2020,Jun,vermont,317000,3241,1060,56,458245.7558,4457
6/20/2020,Jun,massachusetts,599950,13468,9020,200,957579.4715,18080
6/20/2020,Jun,virginia,357000,23332,11392,1132,510882.4083,36726
6/20/2020,Jun,oregon,449925,11024,5784,1560,595756.1545,21909
6/20/2020,Jun,south dakota,257900,3542,1224,36,329262.3631,4432
6/20/2020,Jun,arkansas,205000,9961,3304,120,280212.9098,14561
6/20/2020,Jun,idaho,399450,6011,3076,388,635858.1246,11177
6/20/2020,Jun,alaska,309450,2518,1128,44,353576.0156,2638
6/20/2020,Jun,illinois,249995,44320,20388,360,373926.8296,75351
6/20/2020,Jun,arizona,385632.5,14984,7624,940,612401.3584,33849
6/20/2020,Jun,wisconsin,275000,14315,6660,180,356765.6277,24524
6/20/2020,Jun,ohio,219900,18254,10860,472,300868.6334,41600
6/20/2020,Jun,colorado,517450,21313,11820,808,900380.6362,38553
6/20/2020,Jun,maine,289500,5601,2280,52,429486.4379,6763
6/20/2020,Jun,maryland,363495,12686,7208,480,501156.4743,16677
6/20/2020,Jun,iowa,224950,12163,4284,388,262244.9608,20628
6/20/2020,Jun,washington,499475,13616,9424,912,687799.017,28153
6/20/2020,Jun,rhode island,424950,2164,1244,16,732387.0342,4696
6/20/2020,Jun,california,662000,61454,34704,1768,1345918.574,112461
6/20/2020,Jun,mississippi,216950,7822,2288,156,277224.7942,11715
6/20/2020,Jun,nebraska,255100,4332,1928,204,304132.6795,9233
6/20/2020,Jun,missouri,229900,15665,7064,380,312834.4337,30312
6/20/2020,Jun,alabama,258762.5,16333,5832,876,337072.7525,23273
6/20/2020,Jun,new york,499949.5,62506,21748,852,1063961.67,93606
6/20/2020,Jun,south carolina,290408,22213,7380,1240,442034.2168,36749
6/20/2020,Jun,nevada,349950,11031,4344,348,606593.6796,13217
6/20/2020,Jun,west virginia,173700,5318,1568,56,245562.215,7851
6/20/2020,Jun,new hampshire,395000,3510,2172,100,501616.1832,5949
6/20/2020,Jun,indiana,234950,11341,6092,276,301664.8223,20215
5/20/2020,May,oklahoma,229900,11629,4532,228,303269.2751,15032
5/20/2020,May,colorado,500000,20210,10600,476,879416.2092,31336
5/20/2020,May,minnesota,310000,17193,8716,184,398283.0917,27606
5/20/2020,May,kentucky,234000,10023,3536,164,305707.3198,18197
5/20/2020,May,new jersey,409900,33200,11832,320,594478.8611,39010
5/20/2020,May,wyoming,279900,2733,928,24,671258.5812,3532
5/20/2020,May,california,619999,65249,33428,1388,1253754.636,102456
5/20/2020,May,district of columbia,695000,1324,776,12,1042488.631,1642
5/20/2020,May,massachusetts,575000,13374,7196,164,895102.5548,16312
5/20/2020,May,idaho,389900,6435,3080,224,606655.3921,10329
5/20/2020,May,pennsylvania,239900,29766,10196,452,344217.8256,36584
5/20/2020,May,new mexico,272300,6147,1848,84,392794.9473,9165
5/20/2020,May,arkansas,199900,10876,3172,104,272954.5947,14867
5/20/2020,May,north dakota,239000,3001,984,20,277134.6573,4030
5/20/2020,May,washington,489500,13836,8548,600,663996.9896,25819
5/20/2020,May,iowa,222500,12776,4164,284,256226.0985,20181
5/20/2020,May,texas,299990,91723,35772,3556,431579.9115,138054
5/20/2020,May,rhode island,399900,2314,1116,20,677151.878,4303
5/20/2020,May,virginia,349950,25591,10276,696,498045.4313,37641
5/20/2020,May,montana,379988,5020,1620,52,678781.7553,7590
5/20/2020,May,louisiana,239900,15605,4020,128,314845.6335,21954
5/20/2020,May,hawaii,629000,6693,1324,56,1147202.288,7358
5/20/2020,May,kansas,210000,7005,2740,128,299544.5841,12629
5/20/2020,May,new hampshire,384900,3622,1880,96,489153.7309,5480
5/20/2020,May,utah,449000,10058,4796,432,749619.0926,18550
5/20/2020,May,tennessee,314900,20157,9084,788,435490.2289,32817
5/20/2020,May,north carolina,326656,34314,11768,1184,443640.0088,52946
5/20/2020,May,indiana,229900,12642,6100,200,290790.3199,20185
5/20/2020,May,mississippi,212200,8518,2192,144,271527.2262,12232
5/20/2020,May,arizona,366990,19299,8392,708,582562.5101,34377
5/20/2020,May,nevada,346000,11358,3996,276,589145.0572,13029
5/20/2020,May,michigan,239900,28461,14548,372,333289.0145,37327
5/20/2020,May,new york,499000,60272,14020,588,1073760.121,88440
5/20/2020,May,illinois,244900,45232,16880,244,362902.849,69767
5/20/2020,May,connecticut,387900,15618,5128,156,790154.583,15739
5/20/2020,May,maryland,356990,13879,6212,452,480820.3484,17036
5/20/2020,May,alaska,304000,2447,904,32,347939.5796,2538
5/20/2020,May,west virginia,170000,5683,1396,48,238637.9664,7858
5/20/2020,May,nebraska,255000,4718,2124,120,301001.9886,9083
5/20/2020,May,georgia,309990,57258,22532,2312,422337.2682,89310
5/20/2020,May,ohio,205000,19948,9896,412,287112.7561,40241
5/20/2020,May,wisconsin,274900,14839,5932,136,355443.014,23224
5/20/2020,May,alabama,250464,17805,5956,688,330165.2342,23734
5/20/2020,May,delaware,336530,3426,1040,132,445395.1026,3944
5/20/2020,May,florida,335000,133657,34772,4268,665892.0428,186009
5/20/2020,May,oregon,439900,12092,5384,1332,574899.9115,20613
5/20/2020,May,maine,275000,5578,1744,56,412296.1157,6438
5/20/2020,May,south carolina,289000,24686,7204,808,433602.0507,36673
5/20/2020,May,missouri,225000,16927,6476,288,301839.3807,29387
5/20/2020,May,south dakota,249900,3477,1316,12,320187.3295,4254
5/20/2020,May,vermont,299000,3282,768,36,439727.1965,4105
4/20/2020,Apr,texas,294956,94390,29120,2380,411862.2286,132520
4/20/2020,Apr,florida,331350,139045,27544,2744,655784.3987,188158
4/20/2020,Apr,connecticut,379000,15948,2984,108,760314.5992,16066
4/20/2020,Apr,new jersey,399000,33749,6652,228,600134.6026,36001
4/20/2020,Apr,arkansas,198992.5,11728,2840,96,266149.0201,15196
4/20/2020,Apr,pennsylvania,229900,28590,3836,256,338461.7189,36297
4/20/2020,Apr,alaska,292500,2302,676,20,336673.8582,2398
4/20/2020,Apr,arizona,358250,20556,8772,544,557549.5258,33852
4/20/2020,Apr,north carolina,318000,36084,9888,1064,425968.3579,52297
4/20/2020,Apr,kentucky,224950,11013,3096,108,293922.3045,18024
4/20/2020,Apr,georgia,299900,59536,19660,1776,408892.0951,87682
4/20/2020,Apr,nebraska,247150,4984,1688,108,290488.8771,8771
4/20/2020,Apr,wisconsin,266500,15195,4692,104,348183.1752,22591
4/20/2020,Apr,delaware,333292.5,3499,792,116,439334.8149,3901
4/20/2020,Apr,kansas,196125,7513,2348,124,288817.8372,12399
4/20/2020,Apr,idaho,384950,6272,2456,140,602138.7744,6827
4/20/2020,Apr,massachusetts,550000,12694,4332,136,880015.7031,14785
4/20/2020,Apr,vermont,296250,3388,280,24,436906.3998,4066
4/20/2020,Apr,ohio,195250,21521,8060,372,274517.297,39142
4/20/2020,Apr,indiana,214950,13776,4764,244,274969.9431,19940
4/20/2020,Apr,michigan,229000,27034,4244,208,322436.3804,34890
4/20/2020,Apr,oregon,426000,12470,4788,1416,558061.8342,19273
4/20/2020,Apr,oklahoma,224950,12454,3884,188,292576.5264,15302
4/20/2020,Apr,north dakota,234900,2928,720,44,274315.7914,3733
4/20/2020,Apr,utah,435000,10434,4376,336,729894.9293,17514
4/20/2020,Apr,new mexico,263400,6361,1576,108,382867.8791,9129
4/20/2020,Apr,alabama,249000,18647,4848,512,320436.1044,23824
4/20/2020,Apr,mississippi,205000,9125,1860,104,265909.5547,12258
4/20/2020,Apr,iowa,215000,13279,3740,332,249470.4613,18865
4/20/2020,Apr,virginia,339900,26843,10108,584,473827.7727,37600
4/20/2020,Apr,california,589950,62282,23692,1416,1218316.546,95854
4/20/2020,Apr,new york,499499.5,63838,7500,280,1131616.472,94478
4/20/2020,Apr,new hampshire,372900,3631,1172,64,474050.7378,5270
4/20/2020,Apr,south carolina,280450,26070,6124,924,421899.8795,36772
4/20/2020,Apr,tennessee,299900,21290,7720,520,413837.5214,31544
4/20/2020,Apr,washington,474497.5,13130,6304,600,648038.4959,23727
4/20/2020,Apr,missouri,213445,18026,5684,264,287152.9335,28588
4/20/2020,Apr,south dakota,249900,3406,1156,20,319811.5233,4014
4/20/2020,Apr,illinois,234950,46091,12404,244,349064.8938,69211
4/20/2020,Apr,louisiana,234450,16508,3084,196,306458.8192,21930
4/20/2020,Apr,district of columbia,685000,1264,616,16,1015233.332,1516
4/20/2020,Apr,nevada,345000,11074,3812,216,592003.3832,12599
4/20/2020,Apr,maryland,347500,14091,5272,308,463710.49,16675
4/20/2020,Apr,hawaii,627750,5586,1136,32,1265467.711,6267
4/20/2020,Apr,montana,364208.5,5054,1096,64,660785.3705,7198
4/20/2020,Apr,rhode island,394950,2351,844,8,657097.8193,4242
4/20/2020,Apr,minnesota,302964,16143,7044,184,393062.6587,25503
4/20/2020,Apr,maine,269900,5736,1132,48,400473.7728,6404
4/20/2020,Apr,colorado,499806,18250,6088,444,912310.2548,27633
4/20/2020,Apr,west virginia,169000,6040,1224,72,233215.8137,7892
4/20/2020,Apr,wyoming,275000,2635,724,32,681325.0248,3318
3/20/2020,Mar,idaho,382400,5394,3076,176,617832.2995,6161
3/20/2020,Mar,pennsylvania,229950,30706,12068,496,339198.1204,40819
3/20/2020,Mar,missouri,209450,17919,7304,328,286347.4816,29008
3/20/2020,Mar,alabama,243500,18565,6308,596,318826.2598,24089
3/20/2020,Mar,alaska,292450,2199,804,28,334389.6193,2301
3/20/2020,Mar,mississippi,205000,9293,2620,156,265537.8218,12478
3/20/2020,Mar,minnesota,302500,15514,8752,252,397383.1005,24167
3/20/2020,Mar,south dakota,246450,3121,1192,12,316548.1277,3735
3/20/2020,Mar,oklahoma,219900,12339,4900,136,288413.0661,15338
3/20/2020,Mar,kansas,189500,7615,3000,140,284306.5652,12558
3/20/2020,Mar,washington,472997.5,11884,9036,740,658131.2227,23235
3/20/2020,Mar,indiana,209500,13619,6704,180,273845.3868,20459
3/20/2020,Mar,montana,352450,4788,1452,36,657365.605,7054
3/20/2020,Mar,texas,294750,92419,39556,3824,415461.2696,135494
3/20/2020,Mar,south carolina,281707.5,25366,8728,844,426088.6057,37191
3/20/2020,Mar,maine,266950,5713,1504,48,396815.4444,6433
3/20/2020,Mar,new mexico,262000,6260,2072,68,385490.4274,9292
3/20/2020,Mar,arizona,373995,17554,10768,896,605749.4687,34051
3/20/2020,Mar,arkansas,193950,11877,3660,140,264638.9254,15527
3/20/2020,Mar,delaware,330900,3597,1212,196,439719.7725,4103
3/20/2020,Mar,west virginia,166592.5,6258,1596,48,230717.1912,8181
3/20/2020,Mar,georgia,299900,55979,25348,2344,415058.0856,87622
3/20/2020,Mar,rhode island,395000,2363,1236,8,645027.9817,4486
3/20/2020,Mar,nevada,349450,9368,4896,336,621849.9589,11190
3/20/2020,Mar,tennessee,297000,20373,9596,772,415217.9425,31308
3/20/2020,Mar,louisiana,230327.5,16688,5080,380,305191.5091,22608
3/20/2020,Mar,michigan,224066,27748,11952,416,320114.8575,37581
3/20/2020,Mar,utah,449950,8884,4844,460,820983.5432,16294
3/20/2020,Mar,illinois,239450,47683,19340,316,358029.8785,73963
3/20/2020,Mar,florida,339934,137739,43484,3424,681140.5437,205196
3/20/2020,Mar,iowa,211450,13169,4668,248,246042.429,18676
3/20/2020,Mar,wyoming,268350,2511,780,32,696716.2894,3247
3/20/2020,Mar,new york,495308,58032,16444,504,1094440.483,84431
3/20/2020,Mar,north carolina,319950,34879,14780,1296,431297.0984,52938
3/20/2020,Mar,new hampshire,369000,3529,1732,76,474494.6936,5257
3/20/2020,Mar,hawaii,659000,5638,1616,48,1333645.048,6672
3/20/2020,Mar,vermont,289900,3544,668,20,431865.1424,4344
3/20/2020,Mar,connecticut,375000,17040,5208,124,740882.4633,17167
3/20/2020,Mar,california,599974.5,59655,32748,1532,1296756.821,105292
3/20/2020,Mar,colorado,512500,16926,9888,748,991542.3949,28066
3/20/2020,Mar,kentucky,219450,11182,4136,108,289061.3706,18525
3/20/2020,Mar,virginia,337900,25188,13412,792,477301.2164,35604
3/20/2020,Mar,north dakota,228700,2838,904,48,272059.3575,3726
3/20/2020,Mar,ohio,189200,21872,11468,384,270822.9397,40478
3/20/2020,Mar,nebraska,239950,4885,2200,120,312118.9901,8460
3/20/2020,Mar,new jersey,399900,36227,14052,340,582727.329,38820
3/20/2020,Mar,massachusetts,559450,12778,7960,200,894599.1071,16031
3/20/2020,Mar,oregon,429000,10920,6260,1400,567656.2502,18810
3/20/2020,Mar,district of columbia,699900,1156,868,12,1093961.453,1443
3/20/2020,Mar,wisconsin,259900,14968,6460,128,347417.6314,22464
3/20/2020,Mar,maryland,347000,14197,7836,496,466704.7558,17203
2/20/2020,Feb,texas,289280,90154,35220,4372,409147.8507,128774
2/20/2020,Feb,wyoming,265000,2454,656,28,696592.2036,3159
2/20/2020,Feb,rhode island,374900,2374,1108,12,612315.4268,4219
2/20/2020,Feb,alabama,239000,18874,6016,708,310595.195,22792
2/20/2020,Feb,hawaii,672500,5572,1628,40,1351204.548,6657
2/20/2020,Feb,arkansas,189900,12067,3316,112,261111.4947,15240
2/20/2020,Feb,kansas,176000,7816,2640,124,276502.5244,12025
2/20/2020,Feb,oklahoma,214900,12547,4384,208,283183.7005,15264
2/20/2020,Feb,south carolina,279900,25395,7788,992,421936.6044,36239
2/20/2020,Feb,louisiana,225000,16648,4384,176,298001.5088,21975
2/20/2020,Feb,colorado,499900,15890,6992,592,1030993.007,26182
2/20/2020,Feb,washington,459950,10917,6992,768,657111.1643,20565
2/20/2020,Feb,idaho,376760,5391,2444,772,611323.5284,6141
2/20/2020,Feb,ohio,179777,22771,9852,376,261152.8832,38939
2/20/2020,Feb,nebraska,239000,4714,1776,112,311956.5086,7740
2/20/2020,Feb,georgia,296000,56657,22240,2324,406809.8611,85519
2/20/2020,Feb,oregon,425000,10391,5004,1092,567186.3165,17522
2/20/2020,Feb,new jersey,389999,35371,14832,488,590321.4996,37758
2/20/2020,Feb,south dakota,239900,3009,872,20,311757.1784,3539
2/20/2020,Feb,tennessee,289900,21071,8300,792,409646.4876,31129
2/20/2020,Feb,delaware,329098,3558,1220,156,434310.7867,4033
2/20/2020,Feb,kentucky,209900,11638,3628,132,287399.8072,18083
2/20/2020,Feb,iowa,204000,12933,3616,316,241982.435,17407
2/20/2020,Feb,montana,349000,4713,1108,60,660033.1244,6664
2/20/2020,Feb,vermont,289000,3645,588,24,423787.0494,4314
2/20/2020,Feb,maine,249900,5859,1124,40,383953.8423,6492
2/20/2020,Feb,florida,339900,137524,42448,4408,690624.8795,200303
2/20/2020,Feb,virginia,324900,24554,10100,824,469200.3463,33574
2/20/2020,Feb,north dakota,224900,2759,736,32,271894.2847,3433
2/20/2020,Feb,north carolina,316900,34752,11956,1324,423896.3925,51289
2/20/2020,Feb,nevada,340000,9621,4192,408,619802.0676,11287
2/20/2020,Feb,massachusetts,539500,11671,6104,188,882525.5963,14475
2/20/2020,Feb,pennsylvania,225000,31162,11108,568,330483.3235,40032
2/20/2020,Feb,minnesota,295000,14571,6140,180,388061.4029,21250
2/20/2020,Feb,west virginia,165000,6446,1520,80,227762.5968,8086
2/20/2020,Feb,mississippi,199000,9393,2332,116,259115.4367,12208
2/20/2020,Feb,alaska,289900,2204,640,16,329607.8014,2270
2/20/2020,Feb,missouri,199900,18196,6444,304,279653.7165,27665
2/20/2020,Feb,utah,445000,8757,3708,648,818255.5456,15477
2/20/2020,Feb,wisconsin,249900,14702,4780,116,338115.0636,20684
2/20/2020,Feb,illinois,229000,47352,18180,308,348198.7131,69069
2/20/2020,Feb,district of columbia,675000,1115,728,16,1052998.341,1396
2/20/2020,Feb,new mexico,259000,6306,1976,104,383296.904,9103
2/20/2020,Feb,new york,489000,57142,15540,536,1096524.526,81082
2/20/2020,Feb,california,590000,58665,33060,1836,1314100.273,100667
2/20/2020,Feb,new hampshire,355000,3384,1440,68,467466.9547,4899
2/20/2020,Feb,indiana,196900,14463,5684,204,262581.1825,20120
2/20/2020,Feb,michigan,209900,29156,9944,400,305700.1331,36061
2/20/2020,Feb,arizona,369900,17798,8848,1004,605580.2902,33574
2/20/2020,Feb,maryland,338990,13828,6444,520,455070.7838,16469
2/20/2020,Feb,connecticut,367900,15766,5200,120,743218.2039,15870
1/20/2020,Jan,georgia,294950,58706,22056,2472,402775.5924,81402
1/20/2020,Jan,north dakota,225000,2826,648,24,271051.2491,3276
1/20/2020,Jan,wyoming,265450,2548,560,12,684677.1689,3076
1/20/2020,Jan,michigan,204950,31002,9400,396,300816.7342,35181
1/20/2020,Jan,tennessee,286450,22763,8536,508,406594.3578,31075
1/20/2020,Jan,indiana,189900,15998,5332,184,262752.618,20314
1/20/2020,Jan,hawaii,685000,5574,1636,28,1385789.948,6505
1/20/2020,Jan,north carolina,311392,36860,11808,1168,418719.2865,49861
1/20/2020,Jan,florida,339950,136716,44524,3804,694861.1595,183517
1/20/2020,Jan,maine,249900,6241,1112,44,380094.5303,6816
1/20/2020,Jan,utah,434300,9307,3508,592,791814.6785,14880
1/20/2020,Jan,california,566950,58915,30504,1376,1284278.195,91823
1/20/2020,Jan,district of columbia,690000,1174,740,8,1032508.038,1411
1/20/2020,Jan,kentucky,199950,12487,3864,92,277792.3151,17474
1/20/2020,Jan,oregon,424475,11010,4236,332,566023.2052,16981
1/20/2020,Jan,oklahoma,210984,12918,4216,216,284139.9447,15055
1/20/2020,Jan,connecticut,359900,15201,3864,112,745152.3802,15298
1/20/2020,Jan,kansas,178250,8075,2448,144,273536.2017,11383
1/20/2020,Jan,south dakota,237400,2919,756,12,306366.9283,3348
1/20/2020,Jan,arizona,367450,19056,9388,896,600793.3943,30755
1/20/2020,Jan,illinois,215400,47446,15872,268,330002.31,63974
1/20/2020,Jan,wisconsin,242950,15427,4060,68,327360.8264,19832
1/20/2020,Jan,new jersey,379900,35059,12848,444,578937.4677,37002
1/20/2020,Jan,delaware,325400,3603,1008,192,427202.9499,3939
1/20/2020,Jan,missouri,198250,19107,5472,196,274089.2992,26724
1/20/2020,Jan,montana,349000,4955,1020,36,656124.5573,6560
1/20/2020,Jan,colorado,494000,16971,6456,700,1004668.737,25096
1/20/2020,Jan,ohio,176500,25211,9920,320,255157.2055,37843
1/20/2020,Jan,new york,469694,56857,14680,524,1068261.432,80732
1/20/2020,Jan,nebraska,235449.5,4901,1624,72,283004.2855,7214
1/20/2020,Jan,west virginia,159900,6699,1468,60,225900.8931,8031
1/20/2020,Jan,mississippi,198850,9466,2316,108,259511.7329,11642
1/20/2020,Jan,pennsylvania,219000,32676,9292,552,322699.1044,39566
1/20/2020,Jan,maryland,329900,14831,5480,364,448688.6636,17004
1/20/2020,Jan,alaska,287000,2298,532,20,325070.1831,2362
1/20/2020,Jan,texas,286500,91150,33384,4644,406101.0432,120649
1/20/2020,Jan,new hampshire,342500,3598,1080,56,453017.928,4858
1/20/2020,Jan,minnesota,283681,14854,4596,192,375867.4998,19944
1/20/2020,Jan,nevada,338500,10390,3912,364,627696.3437,11718
1/20/2020,Jan,massachusetts,514950,12108,4916,160,850048.5089,13984
1/20/2020,Jan,idaho,374450,5894,2084,180,613435.0435,6529
1/20/2020,Jan,new mexico,255950,6454,1808,60,386404.7747,8763
1/20/2020,Jan,arkansas,189000,12350,3504,156,259488.0626,14861
1/20/2020,Jan,washington,455450,11615,4688,516,645892.6583,19524
1/20/2020,Jan,alabama,235990,19139,5568,464,309877.7791,22149
1/20/2020,Jan,vermont,284950,3766,540,32,417803.7315,4346
1/20/2020,Jan,virginia,317171,24932,9076,784,458654.5446,32024
1/20/2020,Jan,south carolina,276000,25875,7608,860,417879.1642,34254
1/20/2020,Jan,iowa,199245,13116,3736,120,239125.9716,16855
1/20/2020,Jan,rhode island,364900,2594,1076,8,597397.2526,4137
1/20/2020,Jan,louisiana,224900,16683,4280,172,296993.8294,21090
