Month,state,median_listing_price,active_listing_count,new_listing_count,price_increased_count,average_listing_price,total_listing_count
21-Mar,kentucky,245000,4850,3060,200,341744.2,12791
21-Mar,ohio,218200,9717,8376,296,326236.0365,27603
21-Mar,georgia,352500,22136,18388,2288,529848.1611,61547
21-Mar,virginia,366950,11954,10860,1404,596021.2486,28273
21-Mar,massachusetts,654500,6613,7132,240,1240141.06,9683
21-Mar,south carolina,287768,9696,5728,2192,494480.7848,25763
21-Mar,washington,559500,5140,7212,448,828101.4241,18651
21-Mar,pennsylvania,276750,14893,10540,940,439546.0666,34337
21-Mar,vermont,349500,1337,660,36,583713.6678,2368
21-Mar,district of columbia,540450,1472,984,12,966408.8988,2699
21-Mar,new mexico,280000,3730,1812,140,461956.747,7221
21-Mar,mississippi,224950,4298,1660,168,307814.2663,8197
21-Mar,indiana,219900,5557,4312,324,316828.3097,11877
21-Mar,new hampshire,422450,1329,1520,84,640048.2213,2626
21-Mar,alaska,329500,1145,604,68,425186.7199,1257
21-Mar,california,820000,35018,34160,1416,1952295.529,87928
21-Mar,tennessee,347400,7460,5716,696,555740.1723,20596
21-Mar,louisiana,261355,7732,3296,332,371910.6862,15506
21-Mar,iowa,227400,7279,3164,424,263567.596,14779
21-Mar,maine,315000,2262,1304,88,496827.2409,3198
21-Mar,colorado,567250,8354,7968,564,1353328.765,20838
21-Mar,wyoming,277500,1397,564,36,688256.8385,2280
21-Mar,new york,587000,50733,16600,880,1297019.333,79169
21-Mar,kansas,191000,3218,2168,264,317018.6655,8759
21-Mar,north dakota,249400,1686,724,100,296223.5818,2745
21-Mar,minnesota,325000,7767,6376,388,446054.4873,17549
21-Mar,michigan,267000,11269,8652,648,415140.3734,21373
21-Mar,nevada,382444,5228,3976,360,761434.8465,6830
21-Mar,new jersey,449400,18412,13500,524,697247.4376,33308
21-Mar,maryland,359950,6074,6892,520,541639.4823,18188
21-Mar,florida,365000,58160,32764,4996,868069.9836,144357
21-Mar,wisconsin,279450,6462,4572,224,394920.3358,13353
21-Mar,north carolina,371810,12521,9924,1388,558129.2089,35422
21-Mar,hawaii,644500,5053,1600,100,1299511.704,6597
21-Mar,utah,579900,2835,3496,192,1390477.422,11295
21-Mar,south dakota,252400,1718,916,40,322432.0849,2453
21-Mar,arizona,447000,6345,7960,608,854787.2343,23614
21-Mar,rhode island,429500,1011,1092,16,931179.7818,3144
21-Mar,delaware,381200,1336,960,296,517450.7117,4144
21-Mar,illinois,232450,25963,14496,580,411020.883,54805
21-Mar,montana,426500,1935,1056,60,965044.9256,4871
21-Mar,west virginia,159450,2845,1228,68,257019.8202,5408
21-Mar,idaho,535000,1810,2160,96,1048088.548,6174
21-Mar,oregon,497000,4554,4772,224,712240.7152,13649
21-Mar,missouri,249495,7976,5516,924,362668.8491,20527
21-Mar,arkansas,199900,5005,2436,168,315221.9569,9048
21-Mar,alabama,267835,8493,4748,792,369881.5288,15778
21-Mar,texas,314476,39053,28580,5940,499327.2884,93540
21-Mar,nebraska,274783.5,2519,1320,196,345977.485,6648
21-Mar,oklahoma,233244.5,5125,3260,400,357649.7551,12872
21-Mar,connecticut,416250,9407,4852,292,949541.6524,9556
21-Feb,virginia,350000,12005,7872,1292,578835.0112,27168
21-Feb,rhode island,442450,1034,784,32,944094.1727,3107
21-Feb,texas,304052,43287,26544,5452,478263.7972,95621
21-Feb,delaware,358750,1418,728,352,494496.8807,4048
21-Feb,maryland,349950,5830,4660,464,543384.648,17156
21-Feb,wisconsin,269450,6663,3252,176,385975.009,12854
21-Feb,nevada,350000,6057,3688,328,691168.2906,7564
21-Feb,wyoming,273000,1539,556,28,644431.0588,2358
21-Feb,florida,350000,70335,32932,6448,819754.8217,150564
21-Feb,louisiana,257400,8604,3420,476,360906.2,15883
21-Feb,new york,578500,51893,12128,744,1281388.531,81905
21-Feb,north carolina,358371,14213,9200,1860,528349.12,36023
21-Feb,minnesota,316950,7668,4768,496,432610.7944,15767
21-Feb,hawaii,639500,5303,1524,108,1282705.627,6725
21-Feb,oregon,489975,4347,3692,200,709340.2537,12881
21-Feb,oklahoma,220700,5750,2440,356,337684.6835,11493
21-Feb,kentucky,229947.5,5214,2512,248,325374.3731,12809
21-Feb,south dakota,241950,1636,612,32,314833.1766,2308
21-Feb,new mexico,279250,3857,1676,220,448595.9273,7221
21-Feb,tennessee,332450,8471,5688,676,524455.7704,21339
21-Feb,washington,534450,5078,5548,380,813826.1244,17914
21-Feb,vermont,334000,1470,540,56,564477.5323,2417
21-Feb,connecticut,399950,9198,3416,232,953901.8028,9335
21-Feb,district of columbia,549949.5,1430,872,12,984079.1025,2606
21-Feb,colorado,552915.5,8449,6328,888,1325252.466,20451
21-Feb,indiana,209500,6149,3636,232,299533.8777,12220
21-Feb,missouri,237500,8363,4236,704,351774.949,20174
21-Feb,arkansas,199950,5333,2076,160,304747.1895,9179
21-Feb,illinois,225000,27327,11780,588,394545.7055,52791
21-Feb,pennsylvania,267000,15414,7588,736,417777.8651,33303
21-Feb,north dakota,239950,1780,504,156,289458.162,2714
21-Feb,massachusetts,649700,6269,4764,224,1203783.506,9032
21-Feb,kansas,190300,3413,1524,264,320392.9018,8534
21-Feb,maine,298000,2503,1016,72,477851.1377,3395
21-Feb,mississippi,222250,4734,1604,164,303879.799,8328
21-Feb,west virginia,158000,3125,920,80,248979.8254,5438
21-Feb,idaho,496912.5,1694,1604,212,1077207.133,5834
21-Feb,montana,419450,2029,780,52,948161.6277,4814
21-Feb,iowa,231945,7201,2612,364,263561.095,13344
21-Feb,georgia,342450,23857,16780,2792,506807.1336,61559
21-Feb,alabama,263297.5,9378,4668,760,358484.9342,14769
21-Feb,alaska,309950,1212,528,44,406112.0416,1301
21-Feb,michigan,249950,11916,6728,508,394535.0596,21442
21-Feb,new hampshire,417500,1255,1016,64,627080.0659,2543
21-Feb,south carolina,278578,11829,6140,2456,465430.0452,26146
21-Feb,new jersey,442660,18148,10020,436,698490.9608,30790
21-Feb,california,799500,35225,29956,1440,1927367.115,84592
21-Feb,arizona,427000,6525,6912,664,833868.6023,23318
21-Feb,nebraska,266725,2665,1016,184,330983.0382,6483
21-Feb,utah,599450,2784,2840,320,1391943.929,10809
21-Feb,ohio,202400,10179,6400,300,313066.4665,27372
21-Jan,idaho,465000,1824,1236,112,997150.2311,5561
21-Jan,kansas,184000,4077,1732,164,299086.4655,8452
21-Jan,mississippi,220000,5252,1708,248,298304.6969,8394
21-Jan,south dakota,239900,1726,632,36,314071.8706,2338
21-Jan,iowa,219900,7796,2308,344,255536.8422,13228
21-Jan,florida,349500,83139,32896,7416,786828.9043,147947
21-Jan,illinois,224900,30479,12036,692,373318.1658,51225
21-Jan,michigan,239900,14385,6632,692,368885.6889,23329
21-Jan,nevada,350000,7085,3360,360,662584.7705,8504
21-Jan,montana,399900,2356,736,68,912047.0059,4798
21-Jan,oregon,485000,4666,3544,308,684443.8063,12512
21-Jan,north dakota,235000,1992,580,8,280566.2125,2732
21-Jan,new mexico,280990,4059,1464,152,452379.865,7034
21-Jan,massachusetts,639900,7115,4320,232,1178242.895,9633
21-Jan,south carolina,279900,13745,5640,2616,458562.3044,25863
21-Jan,alabama,256000,10773,4384,968,349300.4362,16091
21-Jan,arizona,419000,8214,6944,928,770973.6373,22193
21-Jan,georgia,329900,28395,15832,2888,485839.9832,59588
21-Jan,minnesota,299900,8490,4144,524,415079.3004,15482
21-Jan,utah,589900,3308,2332,304,1256900.721,10835
21-Jan,delaware,358000,1582,744,224,491277.3221,4059
21-Jan,pennsylvania,259900,17974,7428,664,399448.4569,34296
21-Jan,washington,525000,5576,5332,552,804850.9107,17110
21-Jan,north carolina,350000,16818,8116,2160,509572.5969,35961
21-Jan,maryland,349000,6885,4668,524,525379.2477,17332
21-Jan,missouri,227000,10107,4444,636,335911.4431,20715
21-Jan,wisconsin,259900,7688,3260,188,369118.1044,13006
21-Jan,oklahoma,219900,6619,3128,292,328691.6502,12867
21-Jan,arkansas,199000,6118,2168,124,296300.2143,9536
21-Jan,district of columbia,595000,1469,808,24,988596.0935,2414
21-Jan,tennessee,325000,10317,5832,828,496358.9822,21501
21-Jan,virginia,345900,13550,7976,1272,561884.1095,26739
21-Jan,louisiana,250000,9602,3212,312,350869.9669,15844
21-Jan,texas,300000,50628,25852,7056,464753.5904,94912
21-Jan,colorado,535000,9285,5796,788,1280167.608,19170
21-Jan,wyoming,265000,1663,532,20,635528.2536,2348
21-Jan,connecticut,399900,9735,3292,204,924046.2016,9864
21-Jan,west virginia,159900,3550,1020,92,249249.6346,5672
21-Jan,rhode island,425000,1233,872,24,855218.2551,3236
21-Jan,ohio,189900,12848,6724,272,297312.0983,27853
21-Jan,new jersey,439800,20250,9680,624,676315.0019,30911
21-Jan,indiana,199900,7948,3888,236,282289.7938,13266
21-Jan,vermont,329000,1685,452,24,539560.9715,2573
21-Jan,new york,575000,55114,13116,632,1259411.035,90430
21-Jan,maine,289900,3011,932,64,461881.1786,3954
21-Jan,kentucky,224900,6267,2496,100,311928.8017,13037
21-Jan,nebraska,254900,3038,1200,324,318883.3829,6462
21-Jan,alaska,299900,1324,456,24,398680.5196,1401
21-Jan,california,775000,37353,26944,1300,1822620.912,81924
21-Jan,hawaii,638000,7620,1484,72,1165948.933,8864
21-Jan,new hampshire,399000,1452,932,76,580646.4477,2806
20-Dec,illinois,235400,34477,9764,396,366882.55,57366
20-Dec,montana,396500,2706,664,40,851910.3839,5373
20-Dec,nebraska,245950,3379,1176,108,312724.2204,7093
20-Dec,florida,344950,92648,30700,4840,745776.7223,159062
20-Dec,hawaii,642500,7267,1480,52,1205207.944,8466
20-Dec,utah,549950,3973,2300,292,1108825.63,12275
20-Dec,alaska,299900,1576,340,16,383036.6149,1690
20-Dec,indiana,200500,9155,3928,152,276352.1573,15345
20-Dec,arkansas,199900,6830,2084,92,290967.7413,10453
20-Dec,south carolina,279950,15307,5332,1132,447643.0341,28219
20-Dec,district of columbia,606999.5,1708,620,12,948225.9409,2760
20-Dec,wisconsin,249950,9374,2904,80,351324.0845,15667
20-Dec,connecticut,385000,11930,2860,136,847461.2371,12088
20-Dec,georgia,320227.5,32606,13996,2236,459858.009,66473
20-Dec,mississippi,222050,5752,1516,112,297020.014,9105
20-Dec,maryland,342000,8011,4268,468,500562.9753,19991
20-Dec,rhode island,387000,1460,784,16,739059.713,3803
20-Dec,north dakota,236250,2341,460,20,279510.8646,3148
20-Dec,vermont,325000,1941,412,16,514631.6748,2986
20-Dec,new hampshire,379000,1872,916,60,522433.7284,3582
20-Dec,massachusetts,609450,8999,3592,180,1091332.52,14873
20-Dec,missouri,215000,11856,4384,324,314462.6643,23554
20-Dec,texas,299896,57396,23228,4136,454427.2132,106350
20-Dec,iowa,214900,8704,2016,440,254321.5397,14843
20-Dec,california,727000,43302,22380,1436,1596134.449,93996
20-Dec,new mexico,279900,4547,1400,116,443365.3891,7740
20-Dec,minnesota,294950,10349,3692,232,394001.0162,18678
20-Dec,arizona,389000,9647,6256,688,664991.671,25382
20-Dec,ohio,189000,15057,6740,440,283073.1587,32733
20-Dec,oregon,473996.5,5630,2992,1980,643307.2122,14572
20-Dec,new york,570196,61781,9772,592,1222454.865,102597
20-Dec,kansas,189975,4739,1728,140,293881.2406,9526
20-Dec,tennessee,315000,12055,5328,772,469653.8508,24463
20-Dec,new jersey,437100,23788,8024,496,655853.6798,35860
20-Dec,south dakota,240400,1896,488,24,325533.705,2585
20-Dec,pennsylvania,259450,20591,6628,592,387373.3816,39363
20-Dec,kentucky,222000,7115,2720,116,311542.7836,14515
20-Dec,wyoming,265000,1906,472,16,622600.9844,2658
20-Dec,alabama,249950,12007,3872,712,340621.8252,17618
20-Dec,michigan,233950,17214,6860,408,353491.3039,27809
20-Dec,virginia,346465,15766,6832,944,537129.6253,30538
20-Dec,colorado,513595.5,11099,4640,648,1156263.16,22570
20-Dec,washington,499950,7063,4388,812,742687.6354,20636
20-Dec,north carolina,339700,19505,8088,1236,479349.0192,40379
20-Dec,idaho,429900,2246,1316,160,839598.2854,6288
20-Dec,nevada,349999,8290,3280,332,619838.2045,9915
20-Dec,oklahoma,219949.5,7642,2720,204,314251.5774,14410
20-Dec,west virginia,165000,3976,872,80,246569.6194,6311
20-Dec,delaware,349000,1874,664,200,469107.3074,4702
20-Dec,maine,295000,3650,876,44,446567.1565,4777
20-Dec,louisiana,249999.5,10239,2940,180,355124.9605,16909
20-Nov,new hampshire,375400,2251,1384,76,518919.8756,4549
20-Nov,florida,345000,97409,33904,4768,735922.3933,167743
20-Nov,michigan,239900,19552,8964,396,356782.2038,32533
20-Nov,new york,570000,67496,14612,720,1210139.603,112157
20-Nov,minnesota,295450,12539,4844,312,393978.375,23117
20-Nov,arkansas,200000,7212,2444,128,293102.8139,11399
20-Nov,maryland,349450,9229,5760,504,503028.0039,23356
20-Nov,new jersey,442450,27549,11656,472,653812.5764,41418
20-Nov,wisconsin,253450,11033,4076,136,349566.3058,19053
20-Nov,north dakota,239950,2520,584,24,278820.3852,3545
20-Nov,vermont,325000,2164,556,24,509494.1532,3520
20-Nov,mississippi,225500,6044,1716,160,298645.6444,9808
20-Nov,indiana,209950,10212,5264,180,285124.9034,17702
20-Nov,new mexico,280000,4897,1584,80,446693.0364,8475
20-Nov,california,727044,51254,29708,1532,1536489.149,107966
20-Nov,maine,295000,4157,1364,48,449086.3315,5527
20-Nov,delaware,349900,2044,912,236,473880.9834,5275
20-Nov,south dakota,240400,2191,584,4,317943.1383,2984
20-Nov,wyoming,267250,2113,548,8,602899.1141,3060
20-Nov,iowa,214900,9663,2984,416,253968.3475,16660
20-Nov,nebraska,241950,3635,1472,96,305517.9201,7818
20-Nov,kentucky,225000,7447,3244,164,319632.2962,15947
20-Nov,arizona,389750,11207,7988,840,655575.9867,29049
20-Nov,hawaii,641000,6540,1572,52,1228379.776,7755
20-Nov,illinois,249450,38882,13520,392,378274.5403,65518
20-Nov,texas,304308,62778,28208,3644,459670.2636,116256
20-Nov,louisiana,250450,10718,3272,172,348584.7837,18031
20-Nov,washington,509500,8885,5688,764,743700.0736,24943
20-Nov,south carolina,284945,16364,6040,1224,450918.2458,30532
20-Nov,north carolina,341484,21495,9892,1308,478441.8435,44925
20-Nov,georgia,325000,36012,17208,2284,464281.2266,73320
20-Nov,oregon,475000,6809,3852,1856,642530.375,17490
20-Nov,oklahoma,224574,8315,3632,164,316273.752,15608
20-Nov,pennsylvania,263522,22852,9520,496,390710.3473,45253
20-Nov,utah,533400,4622,2628,272,1059093.876,13999
20-Nov,ohio,191900,16890,8836,492,286273.8341,38027
20-Nov,alaska,299250,1804,460,20,378473.8108,1929
20-Nov,colorado,512786,13175,6124,624,1086641.826,27121
20-Nov,kansas,199500,5157,2216,116,301271.3725,10634
20-Nov,connecticut,379950,14184,4096,144,816287.7116,14387
20-Nov,virginia,352128,17864,9028,1004,539378.9574,34839
20-Nov,massachusetts,624950,11437,5880,220,1097814.812,20316
20-Nov,alabama,249950,12660,4768,644,341737.7212,19001
20-Nov,nevada,350000,9290,3688,368,616186.3203,11254
20-Nov,idaho,433969.5,2610,1496,288,825094.247,7378
20-Nov,tennessee,318450,13145,6728,584,469559.4708,26709
20-Nov,district of columbia,599900,1927,912,16,924018.1833,3093
20-Nov,missouri,219950,13037,5660,316,317682.9703,26571
20-Nov,west virginia,169000,4273,1200,40,247594.3642,6987
20-Nov,montana,397500,3014,740,44,816813.3943,6116
20-Nov,rhode island,387000,1695,1144,12,723393.7956,4495
20-Oct,new mexico,284800,4998,1988,84,451644.7806,8949
20-Oct,texas,309248,66220,30076,4996,460389.6424,122265
20-Oct,north dakota,244300,2678,756,28,282950.3316,3855
20-Oct,west virginia,169999,4629,1484,100,249794.6993,7554
20-Oct,idaho,419000,3278,2252,336,774045.6439,8541
20-Oct,montana,399000,3441,1112,56,779951.7163,7142
20-Oct,alaska,299900,2040,564,48,373785.6252,2164
20-Oct,south dakota,245000,2600,788,24,320634.7652,3496
20-Oct,missouri,225000,13590,6948,508,320200.6049,28203
20-Oct,new jersey,449000,29858,15556,608,651471.9132,44955
20-Oct,ohio,200000,17442,11504,564,292937.7076,40673
20-Oct,delaware,349900,2186,1192,376,476975.8339,5548
20-Oct,wisconsin,259900,12388,5736,128,350307.8055,21981
20-Oct,colorado,510000,15689,8832,1036,1062143.297,32276
20-Oct,maryland,359000,9861,7216,644,509475.4394,24740
20-Oct,iowa,215000,10228,3504,500,256347.4761,17898
20-Oct,alabama,251875,13101,5088,864,342838.5931,19989
20-Oct,louisiana,250900,11176,3312,292,349125.1633,18804
20-Oct,hawaii,639000,6564,1564,84,1210825.365,7752
20-Oct,kansas,210000,5385,2716,156,304746.1045,11257
20-Oct,massachusetts,639000,12823,8444,244,1106466.901,17439
20-Oct,maine,295000,4614,2036,56,448043.9151,6179
20-Oct,south carolina,285000,17165,6744,1520,448596.6272,31931
20-Oct,new york,589000,70659,21284,800,1226842.483,117312
20-Oct,georgia,327680,38662,19924,3232,462261.6129,77083
20-Oct,minnesota,299900,14669,7996,368,396217.3542,27035
20-Oct,washington,499922,12283,8444,1120,721853.4036,28576
20-Oct,california,730000,54623,38704,1836,1526038.793,114415
20-Oct,mississippi,229000,6296,2072,184,299064.7087,10360
20-Oct,illinois,259900,41561,17304,564,387739.1792,71570
20-Oct,florida,346112,99670,37308,5544,732111.9152,171798
20-Oct,vermont,325000,2518,800,20,497306.393,4163
20-Oct,indiana,219900,10490,6264,256,295548.6118,18901
20-Oct,new hampshire,374900,2690,2024,80,502805.5741,5288
20-Oct,utah,515000,5458,3820,472,996332.6216,15613
20-Oct,connecticut,385000,15921,5684,256,815335.1983,16105
20-Oct,rhode island,389900,1784,1332,24,726787.0645,4752
20-Oct,virginia,359900,18720,11120,1400,533171.4359,36976
20-Oct,arizona,390000,11708,9220,980,651580.7566,30090
20-Oct,pennsylvania,265000,24258,12304,776,391793.3926,48861
20-Oct,kentucky,229900,7641,3916,180,326025.863,16734
20-Oct,arkansas,207400,7695,2872,140,292919.1043,12108
20-Oct,tennessee,322900,13761,7740,860,473128.4246,28256
20-Oct,nebraska,245000,3777,1812,164,306392.1968,8400
20-Oct,michigan,249000,21463,11400,636,358894.4756,36810
20-Oct,oklahoma,227500,8602,3796,296,317402.4933,16379
20-Oct,oregon,469900,7903,4880,2228,633897.4355,19175
20-Oct,wyoming,279000,2335,700,44,611867.5394,3412
20-Oct,nevada,355000,9927,4672,412,610128.5529,12059
20-Oct,district of columbia,629000,1954,1240,24,932915.012,3129
20-Oct,north carolina,345000,22835,11840,1844,481666.6947,45558
20-Sep,alabama,259700,13451,5144,1072,344229.117,20726
20-Sep,montana,399949.5,3840,1304,96,776048,7918
20-Sep,alaska,310000,2237,724,48,371605.4919,2368
20-Sep,maryland,359450,9990,7508,844,508179.416,13958
20-Sep,minnesota,300000,15030,8820,464,403062.6709,28325
20-Sep,colorado,510000,17550,9820,864,1052174.638,35244
20-Sep,pennsylvania,264888.5,24460,12864,1072,387220.3003,38743
20-Sep,georgia,329900,39797,20288,3620,458987.428,80026
20-Sep,maine,298250,4770,2208,80,453300.2725,6367
20-Sep,wyoming,282500,2507,824,48,640335.3734,3667
20-Sep,idaho,414995,3749,2240,500,749755.9801,9395
20-Sep,new hampshire,372900,2803,2116,88,498584.5189,5486
20-Sep,district of columbia,649450,1736,1276,24,969743.4775,2124
20-Sep,north dakota,243400,2760,920,32,283854.6264,4047
20-Sep,new york,566500,69064,22152,892,1174647.296,113546
20-Sep,oregon,474950,8368,4956,2120,636133.3751,20621
20-Sep,wisconsin,264700,12972,6548,192,353580.5862,23300
20-Sep,illinois,262450,41878,19064,552,390585.4375,74353
20-Sep,north carolina,345300,23741,12064,2136,479687.0188,47130
20-Sep,washington,499950,13005,10388,1096,712092.1901,29844
20-Sep,tennessee,324975,14291,7796,1136,467371.5867,29388
20-Sep,south dakota,249950,2832,1040,52,323586.7041,3788
20-Sep,iowa,217400,10477,3668,564,256798.7663,18565
20-Sep,rhode island,399450,1791,1432,20,733871.7284,4729
20-Sep,texas,310776,69199,31064,5532,460173.7024,126195
20-Sep,virginia,361728,19025,11684,1364,530978.555,32945
20-Sep,kentucky,239900,7680,3864,232,328287.0173,16984
20-Sep,vermont,324950,2630,964,60,494224.6801,4364
20-Sep,oklahoma,229947.5,8763,3920,388,316871.0005,17031
20-Sep,south carolina,289000,17946,7076,1904,448768.1716,33120
20-Sep,hawaii,632500,6676,1596,68,1160938.891,7845
20-Sep,ohio,212400,16930,11532,736,296748.953,41217
20-Sep,new mexico,285450,5098,2060,156,448548.9354,9224
20-Sep,louisiana,253545,11956,3504,568,343346.5367,19804
20-Sep,florida,349000,101800,35428,6268,728182.2693,174932
20-Sep,massachusetts,642500,12478,9360,260,1116331.445,17196
20-Sep,nevada,355000,10177,5056,412,597034.6618,12592
20-Sep,arkansas,210000,8010,2948,188,294572.5471,12605
20-Sep,new jersey,449462,29710,16316,816,650429.4649,39653
20-Sep,indiana,227450,10244,6704,304,300234.4883,18747
20-Sep,west virginia,169900,4654,1492,76,253196.9625,7327
20-Sep,mississippi,228750,6538,2000,216,295105.2012,10663
20-Sep,utah,510950,6141,4020,640,974254.1124,16501
20-Sep,connecticut,385900,16110,5980,380,811745.4441,16274
20-Sep,delaware,349950,2320,1216,492,470137.5299,3098
20-Sep,california,724500,52810,39720,1936,1497087.587,112371
20-Sep,arizona,391700,11558,8928,1224,647470.0407,30624
20-Sep,kansas,215000,5402,2720,176,307445.655,11565
20-Sep,nebraska,249250,3847,1928,148,304459.1791,8601
20-Sep,michigan,249900,22908,12540,700,360701.5432,39700
20-Sep,missouri,229900,13560,7232,864,322756.8315,28717
20-Aug,maine,299000,5009,2092,104,452203.0664,6478
20-Aug,virginia,364900,19762,11336,1448,523256.4976,33788
20-Aug,tennessee,329000,15726,8620,1252,469394.3901,30859
20-Aug,georgia,329900,42785,22112,3532,453851.0754,83612
20-Aug,rhode island,419900,1818,1324,24,743231.6697,4713
20-Aug,oklahoma,232500,9365,4008,412,315451.4633,17888
20-Aug,south dakota,253900,3073,1004,56,327890.4215,4039
20-Aug,texas,310784,74173,33920,5984,455778.1085,130670
20-Aug,missouri,230000,13837,6796,612,322296.2792,29296
20-Aug,north dakota,241900,2824,976,92,285542.6226,4175
20-Aug,ohio,219900,16898,11312,704,302181.9281,41813
20-Aug,arkansas,210000,8530,3140,124,290430.7351,13232
20-Aug,connecticut,389900,16531,5868,300,807623.227,16702
20-Aug,louisiana,249900,12804,3752,520,337554.6568,20908
20-Aug,colorado,524900,19044,10552,1008,1021461.757,37056
20-Aug,florida,345000,107391,35808,6000,711004.2315,179672
20-Aug,nevada,355000,10108,4824,416,602141.7292,12587
20-Aug,new jersey,449000,29992,16104,752,646686.8844,39714
20-Aug,nebraska,250000,3943,1932,260,305720.7725,8706
20-Aug,arizona,392685,11764,8732,1120,638158.6791,30198
20-Aug,delaware,345990,2546,1192,416,471559.8176,3279
20-Aug,maryland,360000,10221,7068,676,512203.3634,14226
20-Aug,kansas,215000,5635,2732,164,310709.9362,11798
20-Aug,washington,499950,13326,9448,1036,703869.7136,29711
20-Aug,kentucky,240000,7855,3804,180,326383.8152,17475
20-Aug,utah,499000,6906,4484,760,933760.1882,17371
20-Aug,alaska,315000,2398,964,52,366232.7346,2542
20-Aug,wyoming,290000,2690,972,52,643587.9743,3863
20-Aug,alabama,258944,14261,5744,864,341407.4198,21458
20-Aug,new hampshire,384900,2960,2144,152,510792.8765,5523
20-Aug,illinois,260000,42174,19712,616,386884.581,76054
20-Aug,iowa,222000,10988,3828,584,257886.7683,19379
20-Aug,montana,399500,4232,1724,76,747630.8009,8334
20-Aug,minnesota,309000,15692,9372,392,404030.5834,28867
20-Aug,michigan,254900,24402,13396,688,363256.4558,41442
20-Aug,wisconsin,270000,13261,6816,188,358778.9848,23914
20-Aug,hawaii,635000,6804,1760,64,1159552.119,7836
20-Aug,indiana,234900,10203,6208,324,305966.9769,19270
20-Aug,south carolina,289999,19320,7244,2064,448451.0957,34290
20-Aug,vermont,325000,2865,1064,52,484852.1796,4526
20-Aug,idaho,409900,4367,2844,388,712919.6077,10152
20-Aug,california,720000,52788,36700,2116,1480451.275,112520
20-Aug,mississippi,227500,6836,2068,252,287023.9394,11193
20-Aug,new mexico,285000,5291,2132,156,436716.4803,9364
20-Aug,pennsylvania,259999,25344,12804,1012,382785.2967,39790
20-Aug,north carolina,344064,25366,12256,2644,475462.4785,48554
20-Aug,massachusetts,645000,12071,8028,232,1127347.633,16767
20-Aug,district of columbia,679900,1477,1008,28,1027176.532,1867
20-Aug,west virginia,174900,4800,1568,104,252178.1419,7519
20-Aug,oregon,465000,9233,5876,2428,628416.352,21710
20-Aug,new york,550000,68474,21620,1000,1158912.833,110422
20-Jul,hawaii,632500,6836,1636,48,1147468.725,7775
20-Jul,georgia,326725,46320,21796,2764,448549.5174,87214
20-Jul,michigan,255000,25881,13544,452,358861.5009,42434
20-Jul,wyoming,290000,2850,976,28,682180.2214,3931
20-Jul,pennsylvania,259450,26803,13172,768,375614.3247,41679
20-Jul,nebraska,258950,4142,2036,144,308114.9867,9049
20-Jul,alabama,258000,15101,5840,596,339818.2407,22267
20-Jul,indiana,237763,10753,6252,292,306326.4666,19939
20-Jul,connecticut,398450,17214,6176,232,807416.5213,17384
20-Jul,tennessee,325145,17567,9012,856,464830.2892,33271
20-Jul,virginia,359925,21444,11336,1112,513182.1059,35096
20-Jul,new jersey,443995,31222,16476,652,642746.9868,40047
20-Jul,new mexico,282000,5517,2092,100,421944.7473,9553
20-Jul,new hampshire,392450,3164,1904,96,519021.2486,5664
20-Jul,delaware,342900,2787,1192,300,458972.0512,3454
20-Jul,minnesota,309900,16173,9156,300,404195.592,29097
20-Jul,mississippi,220000,7285,2328,156,282571.6189,11709
20-Jul,texas,310904,78743,35868,3892,453109.1095,136802
20-Jul,florida,344532,113761,35836,5256,701341.5262,185625
20-Jul,louisiana,249700,13558,4236,344,331677.2691,21592
20-Jul,oklahoma,239245,10082,4172,360,319148.031,14364
20-Jul,new york,527000,66158,22888,920,1088928.751,101880
20-Jul,washington,499973,13367,10116,980,700460.258,28587
20-Jul,arizona,389500,12691,7708,936,629397.259,31221
20-Jul,iowa,223700,11460,4088,488,260162.099,20107
20-Jul,rhode island,424450,1971,1328,20,741839.4041,4794
20-Jul,wisconsin,275000,13741,6424,172,359596.4492,24300
20-Jul,illinois,259700,43016,20620,484,381068.2595,77038
20-Jul,massachusetts,619900,12470,8356,240,993461.5315,17100
20-Jul,north dakota,239900,2899,940,40,280780.4042,4256
20-Jul,north carolina,340000,27877,12240,1680,470067.4412,50888
20-Jul,ohio,222450,17433,10856,524,306125.6859,42019
20-Jul,missouri,229900,14862,6796,468,315212.9468,29556
20-Jul,district of columbia,697162.5,1426,1016,28,1036663.592,1825
20-Jul,kentucky,239450,8323,3692,184,320294.526,18041
20-Jul,south dakota,258900,3301,1112,36,331976.3145,4237
20-Jul,oregon,454000,10216,6016,2040,607390.6484,22164
20-Jul,maine,299000,5500,2196,72,447263.9155,6796
20-Jul,maryland,367000,11185,6824,668,509738.8729,15178
20-Jul,alaska,312450,2473,924,32,360992.1063,2604
20-Jul,nevada,354999,10253,4652,400,604211.6933,12724
20-Jul,idaho,409000,5302,2904,348,673332.6614,10691
20-Jul,west virginia,174495,5091,1540,76,247457.5962,7785
20-Jul,vermont,321450,3099,1032,44,466690.3298,4551
20-Jul,colorado,524950,20458,10976,784,939973.4434,38242
20-Jul,south carolina,289900,20539,7484,1576,445536.5542,35495
20-Jul,utah,481338.5,8027,4216,656,876831.5435,18132
20-Jul,arkansas,209450,9310,3164,172,287157.7642,13974
20-Jul,california,698500,56351,35484,1868,1419971.191,113412
20-Jul,montana,399000,4530,1536,60,737816.1196,8218
20-Jul,kansas,219950,6005,2716,148,325095.1148,12347
20-Jun,louisiana,245565,14303,4192,220,325771.9645,22113
20-Jun,delaware,339950,3144,1192,184,452646.1441,3815
20-Jun,pennsylvania,249950,28921,14744,632,362188.8499,42342
20-Jun,utah,466450,9012,4604,692,812043.2358,18907
20-Jun,north dakota,238990,2962,1032,12,279865.7478,4249
20-Jun,new mexico,279900,5728,1992,100,410537.6072,9600
20-Jun,oklahoma,238920,10683,4468,256,315025.6929,14748
20-Jun,michigan,249950,27196,14184,456,351859.3834,42383
20-Jun,tennessee,324114,18234,8836,852,452812.1612,32979
20-Jun,georgia,321792,51261,22804,2624,438061.8188,90662
20-Jun,kansas,219900,6358,2976,128,314015.7872,12770
20-Jun,hawaii,631500,6851,1576,64,1142557.594,7687
20-Jun,texas,309950,83575,37324,4404,446253.6764,141537
20-Jun,wyoming,289900,2863,1084,28,674433.0006,3785
20-Jun,florida,339900,122610,37016,4720,686601.361,189415
20-Jun,minnesota,309900,17219,9404,224,401603.0021,29694
20-Jun,kentucky,239000,8942,3680,160,316892.167,18532
20-Jun,new jersey,429500,32860,16604,564,631927.8167,40405
20-Jun,montana,395000,4943,1736,60,709809.7972,8307
20-Jun,district of columbia,699900,1379,944,20,1043298.63,1746
20-Jun,north carolina,338379,30338,12484,1676,461818.653,52953
20-Jun,connecticut,397950,17162,6480,248,805627.0515,17303
20-Jun,vermont,317000,3241,1060,56,458245.7558,4457
20-Jun,massachusetts,599950,13468,9020,200,957579.4715,18080
20-Jun,virginia,357000,23332,11392,1132,510882.4083,36726
20-Jun,oregon,449925,11024,5784,1560,595756.1545,21909
20-Jun,south dakota,257900,3542,1224,36,329262.3631,4432
20-Jun,arkansas,205000,9961,3304,120,280212.9098,14561
20-Jun,idaho,399450,6011,3076,388,635858.1246,11177
20-Jun,alaska,309450,2518,1128,44,353576.0156,2638
20-Jun,illinois,249995,44320,20388,360,373926.8296,75351
20-Jun,arizona,385632.5,14984,7624,940,612401.3584,33849
20-Jun,wisconsin,275000,14315,6660,180,356765.6277,24524
20-Jun,ohio,219900,18254,10860,472,300868.6334,41600
20-Jun,colorado,517450,21313,11820,808,900380.6362,38553
20-Jun,maine,289500,5601,2280,52,429486.4379,6763
20-Jun,maryland,363495,12686,7208,480,501156.4743,16677
20-Jun,iowa,224950,12163,4284,388,262244.9608,20628
20-Jun,washington,499475,13616,9424,912,687799.017,28153
20-Jun,rhode island,424950,2164,1244,16,732387.0342,4696
20-Jun,california,662000,61454,34704,1768,1345918.574,112461
20-Jun,mississippi,216950,7822,2288,156,277224.7942,11715
20-Jun,nebraska,255100,4332,1928,204,304132.6795,9233
20-Jun,missouri,229900,15665,7064,380,312834.4337,30312
20-Jun,alabama,258762.5,16333,5832,876,337072.7525,23273
20-Jun,new york,499949.5,62506,21748,852,1063961.67,93606
20-Jun,south carolina,290408,22213,7380,1240,442034.2168,36749
20-Jun,nevada,349950,11031,4344,348,606593.6796,13217
20-Jun,west virginia,173700,5318,1568,56,245562.215,7851
20-Jun,new hampshire,395000,3510,2172,100,501616.1832,5949
20-Jun,indiana,234950,11341,6092,276,301664.8223,20215
20-May,oklahoma,229900,11629,4532,228,303269.2751,15032
20-May,colorado,500000,20210,10600,476,879416.2092,31336
20-May,minnesota,310000,17193,8716,184,398283.0917,27606
20-May,kentucky,234000,10023,3536,164,305707.3198,18197
20-May,new jersey,409900,33200,11832,320,594478.8611,39010
20-May,wyoming,279900,2733,928,24,671258.5812,3532
20-May,california,619999,65249,33428,1388,1253754.636,102456
20-May,district of columbia,695000,1324,776,12,1042488.631,1642
20-May,massachusetts,575000,13374,7196,164,895102.5548,16312
20-May,idaho,389900,6435,3080,224,606655.3921,10329
20-May,pennsylvania,239900,29766,10196,452,344217.8256,36584
20-May,new mexico,272300,6147,1848,84,392794.9473,9165
20-May,arkansas,199900,10876,3172,104,272954.5947,14867
20-May,north dakota,239000,3001,984,20,277134.6573,4030
20-May,washington,489500,13836,8548,600,663996.9896,25819
20-May,iowa,222500,12776,4164,284,256226.0985,20181
20-May,texas,299990,91723,35772,3556,431579.9115,138054
20-May,rhode island,399900,2314,1116,20,677151.878,4303
20-May,virginia,349950,25591,10276,696,498045.4313,37641
20-May,montana,379988,5020,1620,52,678781.7553,7590
20-May,louisiana,239900,15605,4020,128,314845.6335,21954
20-May,hawaii,629000,6693,1324,56,1147202.288,7358
20-May,kansas,210000,7005,2740,128,299544.5841,12629
20-May,new hampshire,384900,3622,1880,96,489153.7309,5480
20-May,utah,449000,10058,4796,432,749619.0926,18550
20-May,tennessee,314900,20157,9084,788,435490.2289,32817
20-May,north carolina,326656,34314,11768,1184,443640.0088,52946
20-May,indiana,229900,12642,6100,200,290790.3199,20185
20-May,mississippi,212200,8518,2192,144,271527.2262,12232
20-May,arizona,366990,19299,8392,708,582562.5101,34377
20-May,nevada,346000,11358,3996,276,589145.0572,13029
20-May,michigan,239900,28461,14548,372,333289.0145,37327
20-May,new york,499000,60272,14020,588,1073760.121,88440
20-May,illinois,244900,45232,16880,244,362902.849,69767
20-May,connecticut,387900,15618,5128,156,790154.583,15739
20-May,maryland,356990,13879,6212,452,480820.3484,17036
20-May,alaska,304000,2447,904,32,347939.5796,2538
20-May,west virginia,170000,5683,1396,48,238637.9664,7858
20-May,nebraska,255000,4718,2124,120,301001.9886,9083
20-May,georgia,309990,57258,22532,2312,422337.2682,89310
20-May,ohio,205000,19948,9896,412,287112.7561,40241
20-May,wisconsin,274900,14839,5932,136,355443.014,23224
20-May,alabama,250464,17805,5956,688,330165.2342,23734
20-May,delaware,336530,3426,1040,132,445395.1026,3944
20-May,florida,335000,133657,34772,4268,665892.0428,186009
20-May,oregon,439900,12092,5384,1332,574899.9115,20613
20-May,maine,275000,5578,1744,56,412296.1157,6438
20-May,south carolina,289000,24686,7204,808,433602.0507,36673
20-May,missouri,225000,16927,6476,288,301839.3807,29387
20-May,south dakota,249900,3477,1316,12,320187.3295,4254
20-May,vermont,299000,3282,768,36,439727.1965,4105
20-Apr,texas,294956,94390,29120,2380,411862.2286,132520
20-Apr,florida,331350,139045,27544,2744,655784.3987,188158
20-Apr,connecticut,379000,15948,2984,108,760314.5992,16066
20-Apr,new jersey,399000,33749,6652,228,600134.6026,36001
20-Apr,arkansas,198992.5,11728,2840,96,266149.0201,15196
20-Apr,pennsylvania,229900,28590,3836,256,338461.7189,36297
20-Apr,alaska,292500,2302,676,20,336673.8582,2398
20-Apr,arizona,358250,20556,8772,544,557549.5258,33852
20-Apr,north carolina,318000,36084,9888,1064,425968.3579,52297
20-Apr,kentucky,224950,11013,3096,108,293922.3045,18024
20-Apr,georgia,299900,59536,19660,1776,408892.0951,87682
20-Apr,nebraska,247150,4984,1688,108,290488.8771,8771
20-Apr,wisconsin,266500,15195,4692,104,348183.1752,22591
20-Apr,delaware,333292.5,3499,792,116,439334.8149,3901
20-Apr,kansas,196125,7513,2348,124,288817.8372,12399
20-Apr,idaho,384950,6272,2456,140,602138.7744,6827
20-Apr,massachusetts,550000,12694,4332,136,880015.7031,14785
20-Apr,vermont,296250,3388,280,24,436906.3998,4066
20-Apr,ohio,195250,21521,8060,372,274517.297,39142
20-Apr,indiana,214950,13776,4764,244,274969.9431,19940
20-Apr,michigan,229000,27034,4244,208,322436.3804,34890
20-Apr,oregon,426000,12470,4788,1416,558061.8342,19273
20-Apr,oklahoma,224950,12454,3884,188,292576.5264,15302
20-Apr,north dakota,234900,2928,720,44,274315.7914,3733
20-Apr,utah,435000,10434,4376,336,729894.9293,17514
20-Apr,new mexico,263400,6361,1576,108,382867.8791,9129
20-Apr,alabama,249000,18647,4848,512,320436.1044,23824
20-Apr,mississippi,205000,9125,1860,104,265909.5547,12258
20-Apr,iowa,215000,13279,3740,332,249470.4613,18865
20-Apr,virginia,339900,26843,10108,584,473827.7727,37600
20-Apr,california,589950,62282,23692,1416,1218316.546,95854
20-Apr,new york,499499.5,63838,7500,280,1131616.472,94478
20-Apr,new hampshire,372900,3631,1172,64,474050.7378,5270
20-Apr,south carolina,280450,26070,6124,924,421899.8795,36772
20-Apr,tennessee,299900,21290,7720,520,413837.5214,31544
20-Apr,washington,474497.5,13130,6304,600,648038.4959,23727
20-Apr,missouri,213445,18026,5684,264,287152.9335,28588
20-Apr,south dakota,249900,3406,1156,20,319811.5233,4014
20-Apr,illinois,234950,46091,12404,244,349064.8938,69211
20-Apr,louisiana,234450,16508,3084,196,306458.8192,21930
20-Apr,district of columbia,685000,1264,616,16,1015233.332,1516
20-Apr,nevada,345000,11074,3812,216,592003.3832,12599
20-Apr,maryland,347500,14091,5272,308,463710.49,16675
20-Apr,hawaii,627750,5586,1136,32,1265467.711,6267
20-Apr,montana,364208.5,5054,1096,64,660785.3705,7198
20-Apr,rhode island,394950,2351,844,8,657097.8193,4242
20-Apr,minnesota,302964,16143,7044,184,393062.6587,25503
20-Apr,maine,269900,5736,1132,48,400473.7728,6404
20-Apr,colorado,499806,18250,6088,444,912310.2548,27633
20-Apr,west virginia,169000,6040,1224,72,233215.8137,7892
20-Apr,wyoming,275000,2635,724,32,681325.0248,3318
20-Mar,idaho,382400,5394,3076,176,617832.2995,6161
20-Mar,pennsylvania,229950,30706,12068,496,339198.1204,40819
20-Mar,missouri,209450,17919,7304,328,286347.4816,29008
20-Mar,alabama,243500,18565,6308,596,318826.2598,24089
20-Mar,alaska,292450,2199,804,28,334389.6193,2301
20-Mar,mississippi,205000,9293,2620,156,265537.8218,12478
20-Mar,minnesota,302500,15514,8752,252,397383.1005,24167
20-Mar,south dakota,246450,3121,1192,12,316548.1277,3735
20-Mar,oklahoma,219900,12339,4900,136,288413.0661,15338
20-Mar,kansas,189500,7615,3000,140,284306.5652,12558
20-Mar,washington,472997.5,11884,9036,740,658131.2227,23235
20-Mar,indiana,209500,13619,6704,180,273845.3868,20459
20-Mar,montana,352450,4788,1452,36,657365.605,7054
20-Mar,texas,294750,92419,39556,3824,415461.2696,135494
20-Mar,south carolina,281707.5,25366,8728,844,426088.6057,37191
20-Mar,maine,266950,5713,1504,48,396815.4444,6433
20-Mar,new mexico,262000,6260,2072,68,385490.4274,9292
20-Mar,arizona,373995,17554,10768,896,605749.4687,34051
20-Mar,arkansas,193950,11877,3660,140,264638.9254,15527
20-Mar,delaware,330900,3597,1212,196,439719.7725,4103
20-Mar,west virginia,166592.5,6258,1596,48,230717.1912,8181
20-Mar,georgia,299900,55979,25348,2344,415058.0856,87622
20-Mar,rhode island,395000,2363,1236,8,645027.9817,4486
20-Mar,nevada,349450,9368,4896,336,621849.9589,11190
20-Mar,tennessee,297000,20373,9596,772,415217.9425,31308
20-Mar,louisiana,230327.5,16688,5080,380,305191.5091,22608
20-Mar,michigan,224066,27748,11952,416,320114.8575,37581
20-Mar,utah,449950,8884,4844,460,820983.5432,16294
20-Mar,illinois,239450,47683,19340,316,358029.8785,73963
20-Mar,florida,339934,137739,43484,3424,681140.5437,205196
20-Mar,iowa,211450,13169,4668,248,246042.429,18676
20-Mar,wyoming,268350,2511,780,32,696716.2894,3247
20-Mar,new york,495308,58032,16444,504,1094440.483,84431
20-Mar,north carolina,319950,34879,14780,1296,431297.0984,52938
20-Mar,new hampshire,369000,3529,1732,76,474494.6936,5257
20-Mar,hawaii,659000,5638,1616,48,1333645.048,6672
20-Mar,vermont,289900,3544,668,20,431865.1424,4344
20-Mar,connecticut,375000,17040,5208,124,740882.4633,17167
20-Mar,california,599974.5,59655,32748,1532,1296756.821,105292
20-Mar,colorado,512500,16926,9888,748,991542.3949,28066
20-Mar,kentucky,219450,11182,4136,108,289061.3706,18525
20-Mar,virginia,337900,25188,13412,792,477301.2164,35604
20-Mar,north dakota,228700,2838,904,48,272059.3575,3726
20-Mar,ohio,189200,21872,11468,384,270822.9397,40478
20-Mar,nebraska,239950,4885,2200,120,312118.9901,8460
20-Mar,new jersey,399900,36227,14052,340,582727.329,38820
20-Mar,massachusetts,559450,12778,7960,200,894599.1071,16031
20-Mar,oregon,429000,10920,6260,1400,567656.2502,18810
20-Mar,district of columbia,699900,1156,868,12,1093961.453,1443
20-Mar,wisconsin,259900,14968,6460,128,347417.6314,22464
20-Mar,maryland,347000,14197,7836,496,466704.7558,17203
20-Feb,texas,289280,90154,35220,4372,409147.8507,128774
20-Feb,wyoming,265000,2454,656,28,696592.2036,3159
20-Feb,rhode island,374900,2374,1108,12,612315.4268,4219
20-Feb,alabama,239000,18874,6016,708,310595.195,22792
20-Feb,hawaii,672500,5572,1628,40,1351204.548,6657
20-Feb,arkansas,189900,12067,3316,112,261111.4947,15240
20-Feb,kansas,176000,7816,2640,124,276502.5244,12025
20-Feb,oklahoma,214900,12547,4384,208,283183.7005,15264
20-Feb,south carolina,279900,25395,7788,992,421936.6044,36239
20-Feb,louisiana,225000,16648,4384,176,298001.5088,21975
20-Feb,colorado,499900,15890,6992,592,1030993.007,26182
20-Feb,washington,459950,10917,6992,768,657111.1643,20565
20-Feb,idaho,376760,5391,2444,772,611323.5284,6141
20-Feb,ohio,179777,22771,9852,376,261152.8832,38939
20-Feb,nebraska,239000,4714,1776,112,311956.5086,7740
20-Feb,georgia,296000,56657,22240,2324,406809.8611,85519
20-Feb,oregon,425000,10391,5004,1092,567186.3165,17522
20-Feb,new jersey,389999,35371,14832,488,590321.4996,37758
20-Feb,south dakota,239900,3009,872,20,311757.1784,3539
20-Feb,tennessee,289900,21071,8300,792,409646.4876,31129
20-Feb,delaware,329098,3558,1220,156,434310.7867,4033
20-Feb,kentucky,209900,11638,3628,132,287399.8072,18083
20-Feb,iowa,204000,12933,3616,316,241982.435,17407
20-Feb,montana,349000,4713,1108,60,660033.1244,6664
20-Feb,vermont,289000,3645,588,24,423787.0494,4314
20-Feb,maine,249900,5859,1124,40,383953.8423,6492
20-Feb,florida,339900,137524,42448,4408,690624.8795,200303
20-Feb,virginia,324900,24554,10100,824,469200.3463,33574
20-Feb,north dakota,224900,2759,736,32,271894.2847,3433
20-Feb,north carolina,316900,34752,11956,1324,423896.3925,51289
20-Feb,nevada,340000,9621,4192,408,619802.0676,11287
20-Feb,massachusetts,539500,11671,6104,188,882525.5963,14475
20-Feb,pennsylvania,225000,31162,11108,568,330483.3235,40032
20-Feb,minnesota,295000,14571,6140,180,388061.4029,21250
20-Feb,west virginia,165000,6446,1520,80,227762.5968,8086
20-Feb,mississippi,199000,9393,2332,116,259115.4367,12208
20-Feb,alaska,289900,2204,640,16,329607.8014,2270
20-Feb,missouri,199900,18196,6444,304,279653.7165,27665
20-Feb,utah,445000,8757,3708,648,818255.5456,15477
20-Feb,wisconsin,249900,14702,4780,116,338115.0636,20684
20-Feb,illinois,229000,47352,18180,308,348198.7131,69069
20-Feb,district of columbia,675000,1115,728,16,1052998.341,1396
20-Feb,new mexico,259000,6306,1976,104,383296.904,9103
20-Feb,new york,489000,57142,15540,536,1096524.526,81082
20-Feb,california,590000,58665,33060,1836,1314100.273,100667
20-Feb,new hampshire,355000,3384,1440,68,467466.9547,4899
20-Feb,indiana,196900,14463,5684,204,262581.1825,20120
20-Feb,michigan,209900,29156,9944,400,305700.1331,36061
20-Feb,arizona,369900,17798,8848,1004,605580.2902,33574
20-Feb,maryland,338990,13828,6444,520,455070.7838,16469
20-Feb,connecticut,367900,15766,5200,120,743218.2039,15870
20-Jan,georgia,294950,58706,22056,2472,402775.5924,81402
20-Jan,north dakota,225000,2826,648,24,271051.2491,3276
20-Jan,wyoming,265450,2548,560,12,684677.1689,3076
20-Jan,michigan,204950,31002,9400,396,300816.7342,35181
20-Jan,tennessee,286450,22763,8536,508,406594.3578,31075
20-Jan,indiana,189900,15998,5332,184,262752.618,20314
20-Jan,hawaii,685000,5574,1636,28,1385789.948,6505
20-Jan,north carolina,311392,36860,11808,1168,418719.2865,49861
20-Jan,florida,339950,136716,44524,3804,694861.1595,183517
20-Jan,maine,249900,6241,1112,44,380094.5303,6816
20-Jan,utah,434300,9307,3508,592,791814.6785,14880
20-Jan,california,566950,58915,30504,1376,1284278.195,91823
20-Jan,district of columbia,690000,1174,740,8,1032508.038,1411
20-Jan,kentucky,199950,12487,3864,92,277792.3151,17474
20-Jan,oregon,424475,11010,4236,332,566023.2052,16981
20-Jan,oklahoma,210984,12918,4216,216,284139.9447,15055
20-Jan,connecticut,359900,15201,3864,112,745152.3802,15298
20-Jan,kansas,178250,8075,2448,144,273536.2017,11383
20-Jan,south dakota,237400,2919,756,12,306366.9283,3348
20-Jan,arizona,367450,19056,9388,896,600793.3943,30755
20-Jan,illinois,215400,47446,15872,268,330002.31,63974
20-Jan,wisconsin,242950,15427,4060,68,327360.8264,19832
20-Jan,new jersey,379900,35059,12848,444,578937.4677,37002
20-Jan,delaware,325400,3603,1008,192,427202.9499,3939
20-Jan,missouri,198250,19107,5472,196,274089.2992,26724
20-Jan,montana,349000,4955,1020,36,656124.5573,6560
20-Jan,colorado,494000,16971,6456,700,1004668.737,25096
20-Jan,ohio,176500,25211,9920,320,255157.2055,37843
20-Jan,new york,469694,56857,14680,524,1068261.432,80732
20-Jan,nebraska,235449.5,4901,1624,72,283004.2855,7214
20-Jan,west virginia,159900,6699,1468,60,225900.8931,8031
20-Jan,mississippi,198850,9466,2316,108,259511.7329,11642
20-Jan,pennsylvania,219000,32676,9292,552,322699.1044,39566
20-Jan,maryland,329900,14831,5480,364,448688.6636,17004
20-Jan,alaska,287000,2298,532,20,325070.1831,2362
20-Jan,texas,286500,91150,33384,4644,406101.0432,120649
20-Jan,new hampshire,342500,3598,1080,56,453017.928,4858
20-Jan,minnesota,283681,14854,4596,192,375867.4998,19944
20-Jan,nevada,338500,10390,3912,364,627696.3437,11718
20-Jan,massachusetts,514950,12108,4916,160,850048.5089,13984
20-Jan,idaho,374450,5894,2084,180,613435.0435,6529
20-Jan,new mexico,255950,6454,1808,60,386404.7747,8763
20-Jan,arkansas,189000,12350,3504,156,259488.0626,14861
20-Jan,washington,455450,11615,4688,516,645892.6583,19524
20-Jan,alabama,235990,19139,5568,464,309877.7791,22149
20-Jan,vermont,284950,3766,540,32,417803.7315,4346
20-Jan,virginia,317171,24932,9076,784,458654.5446,32024
20-Jan,south carolina,276000,25875,7608,860,417879.1642,34254
20-Jan,iowa,199245,13116,3736,120,239125.9716,16855
20-Jan,rhode island,364900,2594,1076,8,597397.2526,4137
20-Jan,louisiana,224900,16683,4280,172,296993.8294,21090
19-Dec,illinois,219450,51449,9912,232,329628.001,68725
19-Dec,north carolina,309880,39953,8168,936,413753.0497,53668
19-Dec,new hampshire,339450,4187,764,68,445072.3754,5611
19-Dec,virginia,318400,27457,5732,452,452175.7,34956
19-Dec,montana,349700,5508,792,24,628623.127,6744
19-Dec,arizona,349949.5,20424,6596,764,559487.9639,32230
19-Dec,south dakota,237200,3402,524,8,302151.4666,3634
19-Dec,pennsylvania,218900,35936,6648,408,318441.7457,43312
19-Dec,new mexico,255582.5,6972,1360,92,383271.7063,9344
19-Dec,new jersey,379450,38214,7092,284,549535.586,40292
19-Dec,south carolina,275000,27309,5520,596,416270.2719,36085
19-Dec,minnesota,277950,17081,3288,188,365791.7814,22884
19-Dec,utah,422450,10198,2624,324,741717.1008,16050
19-Dec,nebraska,229450,5432,1320,40,277911.1703,7916
19-Dec,nevada,334950,11517,3092,228,597918.4734,12909
19-Dec,new york,470000,62543,8724,360,1062821.475,88338
19-Dec,oregon,418500,12607,2892,996,551144.3532,19139
19-Dec,district of columbia,689900,1320,364,8,1003362.452,1549
19-Dec,delaware,319995,3848,616,76,422099.305,4216
19-Dec,michigan,203954,34916,7548,296,296742.4712,39286
19-Dec,north dakota,225465,3237,464,28,270233.9342,3668
19-Dec,hawaii,681500,5802,1348,32,1348917.493,6722
19-Dec,vermont,284950,4025,428,12,416802.2556,4660
19-Dec,indiana,189850,17613,4112,212,256453.7598,22233
19-Dec,tennessee,284950,24949,6572,412,401253.2825,33598
19-Dec,kansas,180975,8761,1808,140,272466.4307,12345
19-Dec,massachusetts,519450,14294,2492,136,842085.2534,16375
19-Dec,florida,335000,139448,33472,3104,666828.2103,188567
19-Dec,west virginia,164200,7321,920,40,225298.321,8722
19-Dec,connecticut,353688,17249,2112,68,724776.1123,17340
19-Dec,wisconsin,239950,17454,2904,104,322431.4005,22173
19-Dec,maryland,329000,16738,4020,412,440470.7383,18964
19-Dec,rhode island,354500,2906,684,0,586660.0251,4645
19-Dec,idaho,365000,6777,1664,128,577771.8483,7435
19-Dec,texas,285348,97393,24664,3836,401985.3074,129316
19-Dec,iowa,195450,13929,2748,232,236799.9533,17778
19-Dec,louisiana,224950,17859,3296,116,295568.7849,22268
19-Dec,kentucky,202350,13576,2728,136,276773.806,18943
19-Dec,california,557500,65824,18272,1232,1221111.52,103460
19-Dec,wyoming,268000,2820,436,8,680380.9066,3375
19-Dec,washington,450000,13724,3864,540,634421.6282,22731
19-Dec,alabama,234048,20418,4088,404,305446.4407,23429
19-Dec,missouri,199000,21160,4232,304,272303.3954,29442
19-Dec,georgia,291000,64036,16104,1840,397692.6525,87803
19-Dec,alaska,285000,2658,452,20,321257.773,2734
19-Dec,colorado,475000,21062,5320,664,921605.416,30327
19-Dec,oklahoma,208950,13512,3340,152,320374.1877,15598
19-Dec,arkansas,189000,13164,2552,72,258268.9948,15758
19-Dec,ohio,174950,28146,7396,320,251888.545,42013
19-Dec,maine,249999,6986,852,28,384396.9257,7690
19-Dec,mississippi,198750,10136,1776,64,259532.7896,12378
19-Nov,iowa,199500,14717,3300,240,242211.7808,18933
19-Nov,maryland,339000,19763,6468,436,450337.6033,22563
19-Nov,west virginia,168000,7860,1396,60,226956.2508,9592
19-Nov,hawaii,675000,5944,1660,28,1326033.425,6891
19-Nov,arkansas,189900,14038,3060,100,259825.8287,16655
19-Nov,minnesota,279900,20720,5296,196,366495.7196,28208
19-Nov,district of columbia,689900,1655,756,12,982813.7003,1946
19-Nov,wyoming,269000,3044,528,20,650282.7372,3663
19-Nov,north dakota,226165,3551,668,16,270905.1823,3992
19-Nov,vermont,289000,4369,496,16,413316.7221,5264
19-Nov,oregon,419900,14977,4320,1036,550344.9401,22419
19-Nov,oklahoma,210000,14340,3592,132,282891.9361,16605
19-Nov,michigan,214000,39406,10140,344,300198.3891,44989
19-Nov,pennsylvania,224900,40688,10716,440,322401.9823,49820
19-Nov,colorado,474900,24084,6920,524,865454.5278,35787
19-Nov,south carolina,276400,28570,7120,840,418219.8546,38809
19-Nov,kansas,189900,9571,2840,152,278220.9642,13527
19-Nov,maine,259000,7955,1188,36,387274.5189,8899
19-Nov,rhode island,365000,3397,1192,16,605842.9081,5547
19-Nov,delaware,321900,4194,984,112,424809.4846,4608
19-Nov,virginia,321536,31698,9448,472,454657.8553,40505
19-Nov,wisconsin,244900,19975,4468,108,321630.3265,26360
19-Nov,ohio,179900,31347,10372,408,255743.0178,48650
19-Nov,california,575000,79302,29084,1436,1190765.71,122591
19-Nov,nebraska,229750,5908,1796,96,279239.2341,8674
19-Nov,tennessee,284900,27141,8736,468,399365.0564,36609
19-Nov,texas,289900,104054,30096,2912,408479.9386,139558
19-Nov,illinois,229900,57846,14160,352,339976.3016,77832
19-Nov,utah,414990,11548,3788,344,703205.0054,18249
19-Nov,louisiana,226900,18651,3960,144,301543.9454,23067
19-Nov,missouri,199900,23200,6000,228,277190.3388,33260
19-Nov,north carolina,310000,43168,11636,808,414432.8892,59504
19-Nov,kentucky,208854,14713,3828,168,280268.587,20344
19-Nov,indiana,194900,19502,5844,196,260198.9303,25603
19-Nov,new jersey,389000,43754,10980,360,552997.2644,46141
19-Nov,new mexico,255000,7609,1840,84,383089.2052,10299
19-Nov,washington,459950,17139,6064,468,641119.3922,27729
19-Nov,south dakota,239900,3921,840,20,302427.8414,4175
19-Nov,new hampshire,340000,5128,1264,80,449588.54,7051
19-Nov,arizona,350000,22040,8916,768,557651.0678,35576
19-Nov,nevada,335000,12747,4140,292,585906.9219,14435
19-Nov,mississippi,199500,10365,2156,84,262226.2153,12882
19-Nov,alabama,235000,21369,5056,408,307020.0802,24836
19-Nov,new york,469900,70578,14804,568,1034071.224,98105
19-Nov,connecticut,359000,20419,3524,120,719501.0031,20514
19-Nov,georgia,295000,68043,20300,1900,397469.8278,95688
19-Nov,alaska,289500,2961,504,24,326993.7489,3043
19-Nov,montana,350000,6154,928,32,619388.7611,7648
19-Nov,idaho,360000,7662,2172,148,567356.7566,8482
19-Nov,florida,335000,139805,39860,3200,658310.068,192414
19-Nov,massachusetts,524900,18346,5664,140,833559.183,21447
19-Oct,kentucky,209975,15373,4680,104,280253.6196,21353
19-Oct,new hampshire,341950,5981,1864,76,445918.1404,8250
19-Oct,delaware,325000,4357,1356,124,424129.2475,4797
19-Oct,wisconsin,246000,22193,6364,88,322812.2026,29637
19-Oct,michigan,215040,43180,14220,384,302275.42,49172
19-Oct,georgia,293992,72297,24140,2436,393961.3391,101292
19-Oct,south carolina,277995,29297,8076,708,421145.4071,39775
19-Oct,alaska,289700,3331,684,28,326501.6489,3414
19-Oct,rhode island,367400,3662,1448,12,604560.122,5963
19-Oct,alabama,235000,22277,5692,596,307478.5036,24923
19-Oct,new jersey,390072,47221,13676,368,555954.2827,48493
19-Oct,new york,472034.5,75007,17360,508,1031025.542,101820
19-Oct,minnesota,279950,23328,7816,168,365741.1948,31730
19-Oct,district of columbia,679950,1706,952,16,964893.2649,1974
19-Oct,virginia,328000,33672,10608,544,456562.9536,43088
19-Oct,maine,259900,8745,1668,32,387100.613,9808
19-Oct,massachusetts,522450,20437,7784,172,819168.4171,23976
19-Oct,arizona,359900,22322,10308,712,560136.7967,36427
19-Oct,pennsylvania,224900,43299,13324,460,321691.5499,52809
19-Oct,vermont,287000,4965,764,20,409774.2592,5954
19-Oct,missouri,200000,24290,7992,252,278012.9474,34910
19-Oct,maryland,344950,20950,7804,396,455341.8999,23716
19-Oct,nebraska,234700,6273,2520,48,282365.2608,6681
19-Oct,tennessee,289650,27581,10196,572,399284.2737,38419
19-Oct,ohio,185450,32788,13448,336,261076.8204,51181
19-Oct,mississippi,199849.5,10534,2352,68,262638.0108,13350
19-Oct,indiana,199900,20441,7804,236,265093.0538,27182
19-Oct,west virginia,169900,8168,1596,40,229778.9596,9987
19-Oct,montana,362200,7187,1260,24,610105.3115,8964
19-Oct,connecticut,359950,22179,4636,84,729099.2164,22281
19-Oct,north dakota,229750,3836,784,44,274036.8872,4099
19-Oct,iowa,200000,15346,4144,288,244804.6534,19810
19-Oct,hawaii,680000,5944,1652,32,1304373.674,6872
19-Oct,florida,330632,138962,41348,3188,641429.5784,189850
19-Oct,wyoming,263721.5,3449,692,20,667604.8077,4106
19-Oct,oklahoma,209999.5,14590,4496,168,283313.1005,17158
19-Oct,oregon,421450,17139,5496,340,549920.9699,19361
19-Oct,colorado,470519.5,26633,9552,580,852310.9402,40209
19-Oct,arkansas,192817,14337,3460,104,262848.0552,17090
19-Oct,louisiana,229000,19160,4252,132,302818.241,23845
19-Oct,illinois,245450,59729,19396,300,355266.5064,81006
19-Oct,idaho,359997.5,8537,3044,140,563470.3607,9451
19-Oct,kansas,195185,9991,3116,140,283256.111,14154
19-Oct,south dakota,239900,4165,1164,32,304265.8469,4638
19-Oct,nevada,339900,12521,4780,280,599297.8604,15603
19-Oct,washington,465247.5,19931,8112,436,644508.5065,30119
19-Oct,utah,407500,12691,4840,380,678409.7878,19894
19-Oct,new mexico,259950,8132,2236,108,390064.9613,11133
19-Oct,north carolina,312144,45029,13816,1016,415079.317,61967
19-Oct,california,579950,86883,35524,1572,1169056.798,131752
19-Oct,texas,292750,108268,34712,3628,410151.6836,145340
19-Sep,wisconsin,247472.5,23527,7548,132,323567.8431,34925
19-Sep,utah,392757.1429,15887,5516,400,629679.6209,24764
19-Sep,alabama,236450,22542,6488,376,310625.5399,25308
19-Sep,minnesota,284900,24379,9884,184,366469.361,33527
19-Sep,idaho,369000,8746,3248,248,568763.8066,9640
19-Sep,massachusetts,521328.5714,20531,9868,208,814690.012,33853
19-Sep,illinois,249700,60979,22764,316,359218.3444,83405
19-Sep,indiana,198981.4286,22580,8508,200,263744.1328,31709
19-Sep,washington,469000,19788,9924,368,650568.3507,30556
19-Sep,north carolina,314900,45886,13804,864,416903.5519,63923
19-Sep,new mexico,259907.1429,8356,2352,88,388556.2376,11567
19-Sep,new hampshire,342400,6351,2244,56,450982.0111,10261
19-Sep,wyoming,264785.7143,3685,876,20,632876.8673,4389
19-Sep,colorado,469500,27829,11700,676,848379.1893,42411
19-Sep,virginia,329949.5,34960,12192,636,456712.8146,45314
19-Sep,georgia,293900,74680,26716,2212,393682.246,104307
19-Sep,nevada,340000,12898,4788,248,598193.0004,16191
19-Sep,vermont,285000,5279,836,20,403806.6092,6772
19-Sep,maryland,348695.4286,21124,8344,432,455291.4663,23735
19-Sep,michigan,219700,45041,16704,428,307054.7154,52055
19-Sep,new jersey,389521.4286,49707,18644,368,554237.4516,51033
19-Sep,california,585000,91031,42276,1676,1162311.031,138788
19-Sep,delaware,325000,4345,1240,112,427496.5332,4774
19-Sep,alaska,290000,3575,876,32,328509.5895,3575
19-Sep,kentucky,213400,15510,5360,116,280455.5351,21915
19-Sep,oklahoma,209900,14905,4632,152,284259.9824,17680
19-Sep,missouri,202950,24211,8488,228,280673.2381,33498
19-Sep,south carolina,279450,29398,8548,648,425083.1412,41338
19-Sep,west virginia,174900,8336,1828,76,232660.0584,10550
19-Sep,louisiana,229450,19777,4924,168,302314.8666,24940
19-Sep,district of columbia,665000,1637,1228,24,954835.9008,1866
19-Sep,arizona,359878.5714,21709,9704,904,552921.0036,36271
19-Sep,mississippi,199850,10764,2544,108,262953.2228,13727
19-Sep,nebraska,234949.5,6165,2516,88,284813.3955,6608
19-Sep,tennessee,289900,28149,10772,632,400460.4648,43049
19-Sep,south dakota,239900,4374,1252,24,304389.3473,4621
19-Sep,connecticut,359450,22762,5712,160,722071.1717,22890
19-Sep,florida,329995,138430,39888,3340,634568.7407,189837
19-Sep,ohio,189450,32885,14464,288,264053.539,52450
19-Sep,kansas,192857.1429,10354,3608,172,278794.7801,12618
19-Sep,montana,359678.5714,7463,1584,44,603679.021,9459
19-Sep,hawaii,684500,5966,1612,48,1307555.415,6880
19-Sep,arkansas,190357.1429,14699,3752,84,263241.0252,17593
19-Sep,maine,259950,9216,2172,56,386117.5349,10355
19-Sep,north dakota,229950,3999,920,24,275022.1405,4265
19-Sep,iowa,207000,15409,4576,280,248221.1296,20294
19-Sep,rhode island,369400,3725,1688,16,601414.9316,6181
19-Sep,texas,293938,112506,37352,2868,410716.6346,157131
19-Sep,pennsylvania,224900,43994,14144,520,320351.7192,53569
19-Sep,oregon,425000,18514,6752,408,555525.5622,20895
19-Sep,new york,467710.2857,76108,21468,660,1003546.601,102347
